Source File	Size	loadResources	load	generateSnapshots	load-configure	scan	loadDepInfo	loadInfo	checkR4R4B	generateNarratives	validate	loadLists	checkConformanceResources	checkConformanceResources2	checkConformanceResources3	generateLogicalMaps	validateExpressions	scanForUsageStats	checkURLsUnique	processProvenanceDetails	translate	generate1	generate2	generateLogicals	makeDependencies	generateExampleZip	generateValidationPack	scanProfilesForR5	scanExamplesForR5
/fsh-generated/resources/ImplementationGuide-mii-ig-icu.json	98810	-	0	0	1	0	0	0	25	100	0	0	0	0	0	0	0	3	0	0	47	398	1098	0	0	0	14	0	10
beispiele/mii-exa-icu-bilanz-abnahme-haemofiltration-einzelmesswerte.json	1487	4	0	0	1	0	1	0	0	1772	0	0	0	0	0	0	0	0	0	0	16	9	32	0	0	0	0	0	0
beispiele/mii-exa-icu-bilanz-ausfuhr-drainage-generisch.json	1370	2	0	0	0	0	0	0	0	790	0	0	0	0	0	0	0	0	0	0	16	9	22	0	0	0	0	0	0
beispiele/mii-exa-icu-bilanz-ausfuhr-fluessigkeit-gesamt.json	1433	1	0	0	0	0	0	0	1	823	0	0	0	0	0	0	0	0	0	0	15	9	22	0	0	0	0	0	0
beispiele/mii-exa-icu-bilanz-ausfuhr-gallenfluessigkeit.json	1437	2	0	0	0	0	0	0	0	817	0	0	0	0	0	0	0	0	0	0	9	9	21	0	0	0	0	0	0
beispiele/mii-exa-icu-bilanz-ausfuhr-magensonde.json	1446	2	0	0	0	0	0	0	0	789	0	0	1	0	0	0	0	0	0	0	9	9	21	0	0	0	0	0	0
beispiele/mii-exa-icu-bilanz-ausfuhr-opdrainage.json	1373	2	0	0	0	0	0	0	0	818	0	0	0	0	0	0	0	0	0	0	8	12	21	0	0	0	0	0	0
beispiele/mii-exa-icu-bilanz-ausfuhr-pankreasdrainage.json	1311	2	0	0	0	0	0	0	0	777	0	0	0	0	0	0	0	0	0	0	10	8	19	0	0	0	0	0	0
beispiele/mii-exa-icu-bilanz-ausfuhr-stuhlgang.json	1400	1	0	0	0	0	0	0	0	819	0	0	0	0	0	0	0	0	0	0	9	8	23	0	0	0	0	0	0
beispiele/mii-exa-icu-bilanz-ausfuhr-urin.json	1415	2	0	0	0	0	0	0	0	774	0	0	0	0	0	0	0	0	0	0	10	9	24	0	0	0	0	0	0
beispiele/mii-exa-icu-bilanz-ausfuhr-wunddrainage.json	1420	1	0	0	0	0	0	0	1	813	0	0	0	0	0	0	0	0	0	0	8	8	19	0	0	0	0	0	0
beispiele/mii-exa-icu-bilanz-blutverlust.json	1412	1	0	0	0	0	0	0	0	827	0	0	0	0	0	0	0	0	0	0	9	8	19	0	0	0	0	0	0
beispiele/mii-exa-icu-bilanz-einfuhr-abgepumpte-muttermilch.json	1243	2	0	0	0	0	0	0	0	811	0	0	0	0	0	0	0	0	0	0	9	8	17	0	0	0	0	0	0
beispiele/mii-exa-icu-bilanz-einfuhr-enterale-fluessigkeit.json	1440	1	0	0	0	0	0	0	0	795	0	0	0	0	0	0	0	0	0	0	8	8	15	0	0	0	0	0	0
beispiele/mii-exa-icu-bilanz-einfuhr-fluessigkeit-gesamt.json	1428	1	0	0	0	0	0	0	0	776	0	0	0	0	0	0	0	0	0	0	8	8	16	0	0	0	0	0	0
beispiele/mii-exa-icu-bilanz-einfuhr-muttermilch.json	1222	1	0	0	0	0	0	0	1	783	0	0	0	0	0	0	0	0	0	0	8	8	14	0	0	0	0	0	0
beispiele/mii-exa-icu-bilanz-einfuhr-oraler-fluessigkeit.json	1425	2	0	0	0	0	0	0	0	795	0	0	0	0	0	0	0	0	0	0	8	9	15	0	0	0	0	0	0
beispiele/mii-exa-icu-bilanz-einfuhr-saeuglingsnahrung.json	1217	1	0	0	0	0	0	0	0	779	0	0	0	0	0	0	0	0	0	0	8	8	15	0	0	0	0	0	0
beispiele/mii-exa-icu-bilanz-einfuhr-spendermilch.json	1206	1	0	0	0	0	0	0	0	830	0	0	0	0	0	0	0	0	0	0	9	8	17	0	0	0	0	0	0
beispiele/mii-exa-icu-bilanz-tagesbilanz-fluessigkeit.json	1536	2	0	0	0	0	0	0	0	770	0	0	0	0	0	0	0	0	0	0	8	9	17	0	0	0	0	0	0
beispiele/mii-exa-icu-ecmo.json	1114	1	0	0	0	0	0	0	0	5	0	0	0	0	0	0	0	0	0	0	9	7	14	0	0	0	0	0	0
beispiele/mii-exa-icu-ect-arterieller-druck-gemessen.json	1547	1	0	0	0	0	0	0	1	793	0	0	0	0	0	0	0	0	0	0	9	11	31	0	0	0	0	0	0
beispiele/mii-exa-icu-ect-blutfluss-durch-cardiovasculaer-geraet-eingestel.json	1543	1	0	0	0	0	0	0	0	812	0	0	0	0	0	0	0	0	0	0	8	9	24	0	0	0	0	0	0
beispiele/mii-exa-icu-ect-blutfluss-durch-cardiovasculaer-geraet-gemessen.json	1398	2	0	0	0	0	0	0	0	786	0	0	0	0	0	0	0	0	0	0	9	10	19	0	0	0	0	0	0
beispiele/mii-exa-icu-ect-blutfluss-extrakorporal-gasaustausch-eingestellt.json	1395	1	0	0	0	0	0	0	0	783	0	0	0	0	0	0	0	0	0	0	10	9	21	0	0	0	0	0	0
beispiele/mii-exa-icu-ect-blutfluss-extrakorporaler-gasaustausch-gemessen.json	1391	1	0	0	1	0	0	0	0	790	0	0	0	0	0	0	0	0	0	0	10	9	20	0	0	0	0	0	0
beispiele/mii-exa-icu-ect-blutflussind-extrakorporal-gasaustausch-eingeste.json	1411	2	0	0	0	0	0	0	0	799	0	0	0	0	0	0	0	0	0	0	10	9	22	0	0	0	0	0	0
beispiele/mii-exa-icu-ect-blutflussind-extrakorporal-gasaustausch-gemessen.json	1408	1	0	0	0	0	0	0	1	794	0	0	0	0	0	0	0	0	0	0	9	9	23	0	0	0	0	0	0
beispiele/mii-exa-icu-ect-dauer-extrakorporaler-gasaustausch-gemessen.json	1366	2	0	0	0	0	0	0	0	772	0	0	0	0	0	0	0	0	0	0	10	9	23	0	0	0	0	0	0
beispiele/mii-exa-icu-ect-dauer-haemodialysesitzung-gemessen.json	1343	1	0	0	0	0	0	0	0	779	0	0	0	0	0	0	0	0	0	0	9	9	24	0	0	0	0	0	0
beispiele/mii-exa-icu-ect-dm-ecmo-eingestellt.json	507	1	0	0	0	0	0	0	0	2	0	0	0	0	0	0	0	0	0	0	9	6	12	0	0	0	0	1	0
beispiele/mii-exa-icu-ect-dm-ecmo-gemessen.json	508	1	0	0	0	0	0	0	0	1	0	0	0	0	0	0	0	0	0	0	9	5	9	0	0	0	0	0	0
beispiele/mii-exa-icu-ect-gasfluss-eingestellt.json	1458	1	0	0	0	0	0	0	0	781	0	0	0	0	0	0	0	0	0	0	9	9	25	0	0	0	0	0	0
beispiele/mii-exa-icu-ect-haemodialyse-blutfluss-eingestellt.json	1358	2	0	0	0	0	0	0	0	775	0	0	0	0	0	0	0	0	0	0	9	9	20	0	0	0	0	0	0
beispiele/mii-exa-icu-ect-haemodialyse-blutfluss-gemessen.json	1352	1	0	0	0	0	0	0	1	789	0	0	0	0	0	0	0	0	0	0	9	9	20	0	0	0	0	0	0
beispiele/mii-exa-icu-ect-ionisiertes-kalzium-aus-nierenersatzverfahren-gemessen.json	1311	1	0	0	0	0	0	0	0	791	0	0	0	0	0	0	0	0	0	0	9	9	22	0	0	0	0	0	0
beispiele/mii-exa-icu-ect-parameter-von-extrakorporalen-verfahren.json	1503	2	0	0	0	0	0	0	0	802	0	0	0	0	0	0	0	0	0	0	9	8	25	0	0	0	0	0	0
beispiele/mii-exa-icu-ect-substituatfluss-eingestellt.json	1324	1	0	0	0	0	0	0	0	774	0	0	0	0	0	0	0	0	0	0	9	9	30	0	0	0	0	0	0
beispiele/mii-exa-icu-ect-substituatvolumen-eingestellt.json	1317	1	0	0	0	0	0	0	0	779	0	0	0	0	0	0	0	0	0	0	9	8	22	0	0	0	0	0	0
beispiele/mii-exa-icu-ect-venoeser-druck-gemessen.json	1316	2	0	0	0	0	0	0	0	779	0	0	0	0	0	0	0	0	0	0	9	32	21	0	0	0	0	0	0
beispiele/mii-exa-icu-muv-arterieller-blutdruck.json	3173	2	0	0	0	0	0	0	1	2334	0	0	0	0	0	0	0	0	0	0	8	16	17	0	0	0	0	0	0
beispiele/mii-exa-icu-muv-atemfrequenz.json	1149	1	0	0	0	0	0	0	0	792	0	0	0	0	0	0	0	0	0	0	9	14	14	0	0	0	0	0	0
beispiele/mii-exa-icu-muv-herzfrequenz.json	1260	2	0	0	0	0	0	0	0	801	0	0	0	0	0	0	0	0	0	0	9	10	17	0	0	0	0	0	0
beispiele/mii-exa-icu-muv-herzzeitvolumen.json	1256	2	0	0	0	0	0	0	0	774	0	0	0	0	0	0	0	0	0	0	9	10	14	0	0	0	0	0	0
beispiele/mii-exa-icu-muv-ideales-koerpergewicht.json	1260	1	0	0	0	0	0	0	0	778	0	0	0	0	0	0	0	0	0	0	8	10	13	0	0	0	0	0	0
beispiele/mii-exa-icu-muv-intrakranieller-druck-(icp).json	1299	2	0	0	0	0	0	0	1	794	0	0	0	0	0	0	0	0	0	0	7	10	15	0	0	0	0	0	0
beispiele/mii-exa-icu-muv-koerpergewicht-percentile-altersabhaengig.json	1181	2	0	0	0	0	0	0	0	770	0	0	0	0	0	0	0	0	0	0	8	10	13	0	0	0	0	0	0
beispiele/mii-exa-icu-muv-koerpergewicht.json	1132	2	0	0	0	0	0	0	0	779	0	0	0	0	0	0	0	0	0	0	7	10	13	0	0	0	0	0	0
beispiele/mii-exa-icu-muv-koerpergroesse-percentile-altersabhaengig.json	1034	1	0	0	0	0	0	0	0	773	0	0	0	0	0	0	0	0	0	0	7	9	11	0	0	0	0	0	0
beispiele/mii-exa-icu-muv-koerpergroesse.json	1136	2	0	0	0	0	0	0	0	790	0	0	0	0	0	0	0	0	0	0	7	10	13	0	0	0	0	0	0
beispiele/mii-exa-icu-muv-koerperlaenge.json	963	2	0	0	0	0	0	0	0	1608	0	0	0	0	0	0	0	0	0	0	7	8	13	0	0	0	0	0	0
beispiele/mii-exa-icu-muv-koerpertemperatur-achsel.json	1754	1	0	0	0	0	0	0	0	774	0	0	0	0	0	0	0	0	0	0	7	12	14	0	0	0	0	0	0
beispiele/mii-exa-icu-muv-koerpertemperatur-atemwege.json	1307	2	0	0	1	0	0	0	1	777	0	0	0	0	0	0	0	0	0	0	7	10	14	0	0	0	0	0	0
beispiele/mii-exa-icu-muv-koerpertemperatur-blut.json	1522	1	0	0	0	0	0	0	0	770	0	0	0	0	0	0	0	0	0	0	7	11	14	0	0	0	0	0	0
beispiele/mii-exa-icu-muv-koerpertemperatur-brust.json	1261	2	0	0	0	0	0	0	0	780	0	0	0	0	0	0	0	0	0	0	6	9	14	0	0	0	0	0	0
beispiele/mii-exa-icu-muv-koerpertemperatur-brustwirbelsaeule.json	1316	1	0	0	0	0	0	0	0	776	0	0	0	0	0	0	0	0	0	0	7	11	15	0	0	0	0	0	0
beispiele/mii-exa-icu-muv-koerpertemperatur-gelenk.json	1261	2	0	0	0	0	0	0	0	788	0	0	0	0	0	0	0	0	0	0	7	10	16	0	0	1	0	0	0
beispiele/mii-exa-icu-muv-koerpertemperatur-generisch.json	908	1	0	0	0	0	0	0	0	783	0	0	0	0	0	0	0	0	0	0	7	9	16	0	0	0	0	0	0
beispiele/mii-exa-icu-muv-koerpertemperatur-halswirbelsaeule.json	1314	2	0	0	0	0	0	0	1	768	0	0	0	0	0	0	0	0	0	0	7	11	16	0	0	0	0	0	0
beispiele/mii-exa-icu-muv-koerpertemperatur-harnblase.json	1621	1	0	0	0	0	0	0	0	761	0	0	0	0	0	0	0	0	0	0	7	10	17	0	0	0	0	0	0
beispiele/mii-exa-icu-muv-koerpertemperatur-kern.json	1388	2	0	0	0	0	0	0	0	780	0	0	0	0	0	0	0	0	0	0	7	10	21	0	0	0	0	0	0
beispiele/mii-exa-icu-muv-koerpertemperatur-leiste.json	1558	1	0	0	0	0	0	0	0	772	0	0	0	0	0	0	0	0	0	0	7	11	19	0	0	0	0	0	0
beispiele/mii-exa-icu-muv-koerpertemperatur-lendenwirbelsaeule.json	1314	1	0	0	0	0	0	0	0	796	0	0	0	0	0	0	0	1	0	0	7	10	17	0	0	0	0	0	0
beispiele/mii-exa-icu-muv-koerpertemperatur-myokard.json	1356	2	0	0	1	0	0	0	0	775	0	0	0	0	0	0	0	0	0	0	8	11	20	0	0	0	0	0	0
beispiele/mii-exa-icu-muv-koerpertemperatur-nasal.json	1337	1	0	0	0	0	0	0	1	843	0	0	0	0	0	0	0	0	0	0	8	11	18	0	0	0	0	0	0
beispiele/mii-exa-icu-muv-koerpertemperatur-nasen-rachen-raum.json	1574	2	0	0	0	0	0	0	0	783	0	0	0	0	0	0	0	0	0	0	7	11	19	0	0	0	0	0	0
beispiele/mii-exa-icu-muv-koerpertemperatur-rektal.json	1713	1	0	0	0	0	0	0	0	767	0	0	0	0	0	0	0	0	0	0	8	10	19	0	0	0	0	0	0
beispiele/mii-exa-icu-muv-koerpertemperatur-speiseroehre.json	1637	2	0	0	0	0	0	0	0	763	0	0	0	0	0	0	0	0	0	0	8	11	20	0	0	0	0	0	0
beispiele/mii-exa-icu-muv-koerpertemperatur-stirn.json	1265	1	0	0	0	0	0	0	0	776	0	0	0	0	0	0	0	0	0	0	8	10	17	0	0	0	0	0	0
beispiele/mii-exa-icu-muv-koerpertemperatur-trommelfell.json	1656	2	0	0	0	0	0	0	1	771	0	0	0	0	0	0	0	0	0	0	7	11	14	0	0	0	0	0	0
beispiele/mii-exa-icu-muv-koerpertemperatur-unter-der-zunge.json	1744	2	0	0	0	0	0	0	0	792	0	0	0	0	0	0	0	0	0	0	9	11	16	0	0	0	0	0	0
beispiele/mii-exa-icu-muv-koerpertemperatur-vaginal.json	1404	1	0	0	0	0	0	0	0	769	0	0	0	0	0	0	0	0	0	0	7	9	19	0	0	0	0	0	0
beispiele/mii-exa-icu-muv-kopfumfang.json	1166	2	0	0	0	0	0	0	0	812	0	0	0	0	0	0	0	0	0	0	8	8	13	0	0	0	0	0	0
beispiele/mii-exa-icu-muv-linksatrialer-druck.json	3110	2	0	0	0	0	0	0	1	2307	0	0	0	0	0	0	0	0	0	0	7	14	17	0	0	0	0	0	0
beispiele/mii-exa-icu-muv-linksventri-herzzeitvolumen-durch-indikatorverd.json	988	1	0	0	1	0	0	0	0	778	0	0	0	0	0	0	0	0	0	0	6	8	14	0	0	0	0	0	0
beispiele/mii-exa-icu-muv-linksventri-schlagvolumen-durch-indikatorverduen.json	985	2	0	0	0	0	0	0	0	770	0	0	0	0	0	0	0	0	0	0	7	8	12	0	0	0	0	0	0
beispiele/mii-exa-icu-muv-linksventri-schlagvolumenind-durch-indikatorverd.json	1008	1	0	0	0	0	0	0	0	796	0	0	0	0	0	0	0	0	0	0	6	8	11	0	0	0	0	0	0
beispiele/mii-exa-icu-muv-linksventrikulaer-herzind-durch-indikatorverduen.json	1009	2	0	0	0	0	0	0	0	773	0	0	0	0	0	0	0	0	0	0	6	8	11	0	0	0	0	0	0
beispiele/mii-exa-icu-muv-linksventrikulaerer-druck.json	3203	4	0	0	0	0	0	0	1	2357	0	0	0	0	0	0	0	0	0	0	6	12	15	0	0	0	0	0	0
beispiele/mii-exa-icu-muv-linksventrikulaerer-herzindex.json	1304	2	0	0	0	0	0	0	0	762	0	0	0	0	0	0	0	0	0	0	7	7	12	0	0	0	0	0	0
beispiele/mii-exa-icu-muv-linksventrikulaeres-schlagvolumen.json	1287	2	0	0	0	0	0	0	0	774	0	0	0	0	0	0	0	0	0	0	6	8	11	0	0	0	0	0	0
beispiele/mii-exa-icu-muv-linksventrikulaeres-schlagvolumenindex.json	1191	1	0	0	0	0	0	0	0	771	0	0	0	0	0	0	0	0	0	0	5	7	12	0	0	0	0	0	0
beispiele/mii-exa-icu-muv-o2saettigung-im-arteriell-blut-durch-pulsoxymet.json	1587	2	0	0	0	0	0	0	0	793	0	0	0	0	0	0	0	0	0	0	5	9	11	0	0	0	0	0	0
beispiele/mii-exa-icu-muv-o2saettigung-im-blut-postduktal-durch-pulsoxymet.json	1113	2	0	0	0	0	0	0	1	770	0	0	0	0	0	0	0	0	0	0	4	8	12	0	0	0	0	0	0
beispiele/mii-exa-icu-muv-o2saettigung-im-blut-preduktal-durch-pulsoxymet.json	1109	1	0	0	1	0	0	0	0	812	0	0	0	0	0	0	0	0	0	0	5	9	14	0	0	0	0	0	0
beispiele/mii-exa-icu-muv-pulmonalarterieller-blutdruck.json	3239	2	0	0	0	0	0	0	0	2303	0	0	0	0	0	0	0	0	0	0	4	26	24	0	0	0	0	0	0
beispiele/mii-exa-icu-muv-pulmonalarterieller-wedge-blutdruck.json	1339	3	0	0	0	0	0	0	0	776	0	0	0	0	0	0	0	0	0	0	4	9	20	0	0	0	0	0	0
beispiele/mii-exa-icu-muv-pulmonalvaskulaerer-widerstandsindex.json	1383	2	0	0	0	0	0	0	0	780	0	0	0	0	0	0	0	0	0	0	5	11	16	0	0	0	0	0	0
beispiele/mii-exa-icu-muv-puls.json	1096	1	0	0	0	0	0	0	1	735	0	0	0	0	0	0	0	0	0	0	5	9	18	0	0	0	0	0	0
beispiele/mii-exa-icu-muv-rechtsatrialer-druck.json	3183	2	0	0	0	0	0	0	0	2317	0	0	0	0	0	0	0	0	0	0	4	14	22	0	0	0	0	0	0
beispiele/mii-exa-icu-muv-rechtsventrikulaerer-druck.json	3131	2	0	0	0	0	0	0	0	2332	0	0	0	0	0	0	0	0	0	0	8	15	120	0	0	0	0	0	0
beispiele/mii-exa-icu-muv-sonstige-pulsatile-druecke-generisch.json	3049	2	0	0	0	0	0	0	1	2295	0	0	0	0	0	0	0	0	0	0	7	15	30	0	0	0	0	0	0
beispiele/mii-exa-icu-muv-systemischer-vaskulaerer-widerstandsindex.json	1394	1	0	0	0	0	0	0	0	803	0	0	0	0	0	0	0	0	0	0	5	10	22	0	0	0	0	0	0
beispiele/mii-exa-icu-muv-zentralvenoeser-blutdruck.json	1304	1	0	0	0	0	0	0	0	740	0	0	0	0	0	0	0	0	0	0	5	8	19	0	0	0	0	0	0
beispiele/mii-exa-icu-muv-zerebraler-perfusionsdruck.json	1197	2	0	0	0	0	0	0	0	2362	0	0	0	0	0	0	0	0	0	0	5	7	16	0	0	0	0	0	0
beispiele/mii-exa-icu-patient.json	547	1	0	0	1	0	0	0	0	1	0	0	0	0	0	0	0	0	0	0	5	6	14	0	0	0	0	0	0
beispiele/mii-exa-icu-score-faces-pain-scale-revised.json	1189	1	0	0	0	0	0	0	0	846	0	0	0	0	0	0	0	0	0	0	6	7	9	0	0	0	0	0	0
beispiele/mii-exa-icu-score-gcs.json	1243	2	0	0	0	0	0	0	1	1546	0	0	0	0	0	0	0	0	0	0	5	7	8	0	0	0	0	0	0
beispiele/mii-exa-icu-score-numerische-ratingskala.json	1025	1	0	0	0	0	0	0	0	844	0	0	0	0	0	0	0	0	0	0	5	6	8	0	0	0	0	0	0
beispiele/mii-exa-icu-score-rass.json	1503	1	0	0	0	0	0	0	0	1	0	0	0	0	0	0	0	0	0	0	4	7	13	0	0	0	0	0	0
beispiele/mii-exa-icu-score-visuelle-analogskala.json	1348	2	0	0	0	0	0	0	0	740	0	0	0	0	0	0	0	0	0	0	6	7	8	0	0	0	0	0	0
beispiele/mii-exa-icu-score.json	829	2	0	0	0	0	0	0	0	1	0	0	0	0	0	0	0	0	0	0	6	6	7	0	0	0	0	0	0
beispiele/mii-exa-icu-untersuchung-pupillenbefund.json	939	1	0	0	0	0	0	0	0	2	0	0	0	0	0	0	0	0	0	0	6	7	40	0	0	0	0	0	0
beispiele/mii-exa-icu-untersuchung-pupillenform.json	980	1	0	0	0	0	0	0	0	1	0	0	0	0	0	0	0	0	0	0	6	7	35	0	0	0	0	0	0
beispiele/mii-exa-icu-untersuchung-pupillengroesse.json	988	2	0	0	0	0	0	0	1	1	0	0	0	0	0	0	0	0	0	0	6	8	35	0	0	0	0	0	0
beispiele/mii-exa-icu-untersuchung-pupillenlichtreaktion-direkt.json	1024	1	0	0	0	0	0	0	0	2	0	0	0	0	0	0	0	0	0	0	6	9	36	0	0	0	0	0	0
beispiele/mii-exa-icu-untersuchung-pupillenlichtreaktion-indirekt.json	1028	1	0	0	1	0	0	0	0	2	0	0	0	0	0	0	0	0	0	0	6	9	41	0	0	0	0	0	0
beispiele/mii-exa-icu-untersuchung-pupillensymmetrie.json	1037	1	0	0	0	0	0	0	0	1	0	0	0	0	0	0	0	0	0	0	6	8	42	0	0	0	0	0	0
beispiele/mii-exa-icu-vent-atemwegsdruck-bei-mitl-exspiratori-gasf-gemess.json	1322	2	0	0	0	0	0	0	0	756	0	0	0	0	0	0	0	0	0	0	7	11	20	0	0	0	0	0	0
beispiele/mii-exa-icu-vent-atemwegsdruck-bei-null-exspiratori-gasf-eingest.json	1322	1	0	0	0	0	0	0	0	793	0	0	0	0	0	0	0	0	0	0	6	12	17	0	0	0	0	0	0
beispiele/mii-exa-icu-vent-atemwegsdruck-bei-null-exspiratori-gasf-gemess.json	1318	2	0	0	0	0	0	0	0	775	0	0	0	0	0	0	0	0	0	0	7	9	16	0	0	0	0	0	0
beispiele/mii-exa-icu-vent-atemzugvolumen-einstellung-eingestellt.json	1623	1	0	0	0	0	0	0	1	781	0	0	0	0	0	0	0	0	0	0	7	11	17	0	0	0	0	0	0
beispiele/mii-exa-icu-vent-atemzugvolumen-waehrend-beatmung-gemessen.json	1721	2	0	0	0	0	0	0	0	717	0	0	0	0	0	0	0	0	0	0	6	12	17	0	0	0	0	0	0
beispiele/mii-exa-icu-vent-beatmung.json	1095	1	0	0	0	0	0	0	0	2	0	0	0	0	0	0	0	0	0	0	7	8	8	0	0	0	0	0	0
beispiele/mii-exa-icu-vent-beatmungsvolumen-pro-minute-maschineller-beatmung-gemessen.json	1743	2	0	0	0	0	0	0	0	789	0	0	0	0	0	0	0	0	0	0	8	10	19	0	0	0	0	0	0
beispiele/mii-exa-icu-vent-beatmungszeit-auf-hohem-druck-eingestellt.json	1408	2	0	0	0	0	0	0	0	818	0	0	0	0	0	0	0	0	0	0	8	10	17	0	0	0	0	0	0
beispiele/mii-exa-icu-vent-beatmungszeit-auf-niedrigem-druck-eingestellt.json	1413	2	0	0	1	0	0	0	0	738	0	0	0	0	0	0	0	0	0	0	8	11	19	0	0	0	0	0	0
beispiele/mii-exa-icu-vent-dm-beatmung-eingestellt.json	497	1	0	0	0	0	0	0	1	1	0	0	0	0	0	0	0	0	0	0	7	7	10	0	0	0	0	0	0
beispiele/mii-exa-icu-vent-dm-beatmung-gemessen.json	498	1	0	0	0	0	0	0	0	1	0	0	0	0	0	0	0	0	0	0	7	5	7	0	0	0	0	0	0
beispiele/mii-exa-icu-vent-druckdifferenz-beatmung-gemessen.json	1417	2	0	0	0	0	0	0	0	827	0	0	0	0	0	0	0	0	0	0	7	9	19	0	0	0	0	0	0
beispiele/mii-exa-icu-vent-dynamische-kompliance-gemessen.json	1654	2	0	0	0	0	0	0	0	794	0	0	0	0	0	0	0	0	0	0	7	8	18	0	0	0	0	0	0
beispiele/mii-exa-icu-vent-eingestellter-inspiratorischer-gasfluss.json	1283	3	0	0	0	0	0	0	0	767	0	0	0	0	0	0	0	0	0	0	8	10	17	0	0	0	0	0	0
beispiele/mii-exa-icu-vent-einstellung-ausatmungszeit-beatmung-eingestellt.json	1487	1	0	0	0	0	0	0	0	778	0	0	0	0	0	0	0	0	0	0	7	8	17	0	0	0	0	0	0
beispiele/mii-exa-icu-vent-einstellung-einatmungszeit-beatmung-eingestellt.json	1629	2	0	0	0	0	0	0	0	767	0	0	0	0	0	0	0	1	0	0	7	9	17	0	0	0	0	0	0
beispiele/mii-exa-icu-vent-endexspiratorischer-kohlendioxidpartialdruck-gemessen.json	1730	2	0	0	0	0	0	0	1	784	0	0	0	0	0	0	0	0	0	0	8	9	17	0	0	0	0	0	0
beispiele/mii-exa-icu-vent-exspiratorischer-gasfluss-gemessen.json	1443	1	0	0	0	0	0	0	0	812	0	0	0	0	0	0	0	0	0	0	7	8	16	0	0	0	0	0	0
beispiele/mii-exa-icu-vent-exspiratorischer-sauerstoffpartialdruck-gemessen.json	1704	2	0	0	1	0	0	0	0	785	0	0	0	0	0	0	0	0	0	0	7	10	17	0	0	0	0	0	0
beispiele/mii-exa-icu-vent-horowitz-in-arteriellem-blut-gemessen.json	1539	2	0	0	0	0	0	0	0	810	0	0	0	0	0	0	0	0	0	0	7	9	19	0	0	0	0	0	0
beispiele/mii-exa-icu-vent-inspiratorische-sauerstofffraktion-eingestellt.json	1536	2	0	0	0	0	0	0	0	802	0	0	0	0	0	0	0	0	0	0	7	11	24	0	0	0	0	0	0
beispiele/mii-exa-icu-vent-inspiratorische-sauerstofffraktion-gemessen.json	1768	2	0	0	0	0	0	0	1	789	0	0	0	0	0	0	0	0	0	0	7	9	18	0	0	0	0	0	0
beispiele/mii-exa-icu-vent-inspiratorischer-gasfluss-gemessen.json	1421	1	0	0	0	0	0	0	0	756	0	0	0	0	0	0	0	0	0	0	6	9	16	0	0	0	0	0	0
beispiele/mii-exa-icu-vent-maximaler-beatmungsdruck-eingestellt.json	1696	2	0	0	0	0	0	0	0	764	0	0	0	0	0	0	0	0	0	0	6	8	17	0	0	0	0	0	0
beispiele/mii-exa-icu-vent-maximaler-beatmungsdruck-gemessen.json	1690	1	0	0	0	0	0	0	0	817	0	0	0	0	0	0	0	0	0	0	5	9	17	0	0	0	0	0	0
beispiele/mii-exa-icu-vent-mechanische-atemfrequenz-beatmet-eingestellt.json	1892	2	0	0	0	0	0	0	0	796	0	0	0	0	0	0	0	0	0	0	5	9	17	0	0	0	0	0	0
beispiele/mii-exa-icu-vent-mittlerer-beatmungsdruck-eingestellt.json	1681	2	0	0	0	0	0	0	1	782	0	0	0	0	0	0	0	0	0	0	5	9	16	0	0	0	0	0	0
beispiele/mii-exa-icu-vent-mittlerer-beatmungsdruck-gemessen.json	1675	1	0	0	0	0	0	0	0	806	0	0	0	0	0	0	0	0	0	0	5	9	16	0	0	0	0	0	0
beispiele/mii-exa-icu-vent-parameter-von-beatmung.json	1182	2	0	0	1	0	0	0	0	797	0	0	0	0	0	0	0	0	0	0	4	7	14	0	0	0	0	0	0
beispiele/mii-exa-icu-vent-positiv-endexpiratorischer-druck-eingestellt.json	1704	1	0	0	0	0	0	0	0	770	0	0	0	0	0	0	0	0	0	0	4	9	18	0	0	0	0	0	0
beispiele/mii-exa-icu-vent-positiv-endexpiratorischer-druck-gemessen.json	1698	2	0	0	0	0	0	0	1	807	0	0	0	0	0	0	0	0	0	0	5	9	17	0	0	0	0	0	0
beispiele/mii-exa-icu-vent-spontane-atemfrequenz-beatmet-gemessen.json	2171	1	0	0	0	0	0	0	0	763	0	0	0	0	0	0	0	0	0	0	4	9	17	0	0	0	0	0	0
beispiele/mii-exa-icu-vent-spontane-mechanische-atemfrequenz-beatmet-gemessen.json	2016	2	0	0	0	0	0	0	0	796	0	0	0	0	0	0	0	0	0	0	4	10	16	0	0	0	0	0	0
beispiele/mii-exa-icu-vent-spontanes-atemzugvolumen-gemessen.json	1487	2	0	0	0	0	0	0	0	803	0	0	0	0	0	0	0	0	0	0	4	8	16	0	0	0	0	0	0
beispiele/mii-exa-icu-vent-spontanes-mechanisches-atemzugvolumen-waehrend-beatmung-gemessen.json	1308	1	0	0	0	0	0	0	0	776	0	0	0	0	0	0	0	0	0	0	5	8	16	0	0	0	0	0	0
beispiele/mii-exa-icu-vent-unterstuetzungsdruck-beatmung-eingestellt.json	1266	2	0	0	0	0	0	0	1	819	0	0	0	0	0	0	0	0	0	0	4	8	16	0	0	0	0	0	0
beispiele/mii-exa-icu-vent-zeitverhaeltnis-ein-ausatmung-eingestellt.json	1680	1	0	0	0	0	0	0	0	764	0	0	0	0	0	0	0	0	0	0	4	9	17	0	0	0	0	0	0
fsh-generated/resources/CapabilityStatement-mii-cps-icu-capabilitystatement.json	1182	1	0	0	0	0	0	0	0	5	0	0	0	0	0	0	0	0	0	0	4	9	26	0	0	0	1	0	0
fsh-generated/resources/SearchParameter-mii-sp-icu-device-property-type.json	1324	2	0	0	1	0	0	0	0	3	0	0	0	0	0	0	0	0	0	0	4	10	16	0	0	0	0	0	0
fsh-generated/resources/SearchParameter-mii-sp-icu-devicemetric-source.json	1322	1	0	0	0	0	0	0	0	2	0	0	0	0	0	0	0	0	0	0	6	11	12	0	0	0	1	0	0
fsh-generated/resources/SearchParameter-mii-sp-icu-observation-bodysite.json	1325	1	0	0	0	0	0	0	0	2	0	0	0	0	0	0	0	0	0	0	4	11	10	0	0	0	0	0	0
fsh-generated/resources/SearchParameter-mii-sp-icu-observation-component-interpretation.json	1420	2	0	0	0	0	0	0	1	3	0	0	0	0	0	0	0	0	0	0	5	12	10	0	0	0	0	0	0
fsh-generated/resources/SearchParameter-mii-sp-icu-observation-component-referencerange.json	1420	1	0	0	0	0	0	0	0	2	0	0	0	0	0	0	0	0	0	0	5	12	11	0	0	0	0	0	0
fsh-generated/resources/SearchParameter-mii-sp-icu-observation-interpretation.json	1399	2	0	0	0	0	0	0	0	2	0	0	0	0	0	0	0	0	0	0	4	11	10	0	0	0	1	0	0
fsh-generated/resources/SearchParameter-mii-sp-icu-observation-issued.json	1311	1	0	0	0	0	0	0	0	2	0	0	0	0	0	0	0	0	0	0	5	10	9	0	0	0	0	0	0
fsh-generated/resources/SearchParameter-mii-sp-icu-observation-referencerange-high.json	1438	1	0	0	0	0	0	0	0	2	0	0	0	0	0	0	0	0	0	0	5	9	10	0	0	0	0	0	0
fsh-generated/resources/SearchParameter-mii-sp-icu-observation-referencerange-low.json	1431	2	0	0	0	0	0	0	0	2	0	0	0	0	0	0	0	0	0	0	5	10	10	0	1	0	1	0	0
fsh-generated/resources/SearchParameter-mii-sp-icu-observation-referencerange.json	1771	1	0	0	0	0	0	0	1	2	0	0	0	0	0	0	0	0	0	0	5	11	10	0	0	0	0	0	0
fsh-generated/resources/SearchParameter-mii-sp-icu-procedure-recorder.json	1316	1	0	0	0	0	0	0	0	2	0	0	0	0	0	0	0	0	0	0	5	9	10	0	0	0	0	0	0
fsh-generated/resources/StructureDefinition-mii-lm-intensivmedizin.json	28095	6	0	49	1	0	0	0	0	544	0	0	0	0	0	0	0	1	0	0	2	455	1410	0	0	0	10	0	1
fsh-generated/resources/StructureDefinition-mii-pr-icu-beatmung.json	7210	3	0	1420	0	0	0	0	1	55	0	0	1	0	0	0	0	3	0	0	1	400	1981	0	0	0	12	0	1
fsh-generated/resources/StructureDefinition-mii-pr-icu-bilanz-ausfuhr-blutverlust.json	3063	3	0	118	0	0	0	0	0	49	0	0	0	0	0	0	0	1	0	0	0	357	2406	0	0	0	8	0	1
fsh-generated/resources/StructureDefinition-mii-pr-icu-bilanz-ausfuhr-drainage-generisch.json	3054	2	0	63	0	0	0	0	0	44	0	0	1	0	0	0	0	1	0	0	1	339	1241	0	0	0	8	0	1
fsh-generated/resources/StructureDefinition-mii-pr-icu-bilanz-ausfuhr-fluessigkeit-gesamt.json	3092	2	0	60	0	0	0	0	0	40	0	0	0	0	0	0	0	1	0	0	0	343	1087	0	0	0	9	0	1
fsh-generated/resources/StructureDefinition-mii-pr-icu-bilanz-ausfuhr-gallenfluessigkeit.json	3123	2	0	62	0	0	0	0	0	40	0	0	0	0	0	0	0	1	0	0	0	343	1277	0	0	0	8	0	1
fsh-generated/resources/StructureDefinition-mii-pr-icu-bilanz-ausfuhr-haemofiltration-einzelmesswerte.json	3170	2	0	53	0	0	0	0	0	39	0	0	1	0	0	0	0	1	0	0	1	344	745	0	0	0	8	1	1
fsh-generated/resources/StructureDefinition-mii-pr-icu-bilanz-ausfuhr-magensonde.json	3116	2	0	58	0	0	0	0	0	39	0	0	0	0	0	0	0	1	0	0	0	344	733	0	0	0	8	0	1
fsh-generated/resources/StructureDefinition-mii-pr-icu-bilanz-ausfuhr-op-drainage.json	2921	2	0	58	0	0	0	0	0	37	0	0	0	0	0	0	0	1	0	0	0	330	669	0	0	0	8	0	0
fsh-generated/resources/StructureDefinition-mii-pr-icu-bilanz-ausfuhr-pankreasdrainage.json	2948	2	0	58	0	0	0	0	0	36	0	0	1	0	0	0	0	1	0	0	1	328	707	0	0	0	8	0	1
fsh-generated/resources/StructureDefinition-mii-pr-icu-bilanz-ausfuhr-stuhlgang.json	2873	2	0	55	0	0	0	0	0	36	0	0	0	0	0	0	0	1	0	0	0	329	809	0	0	0	8	0	1
fsh-generated/resources/StructureDefinition-mii-pr-icu-bilanz-ausfuhr-urin.json	3044	2	0	55	0	0	0	0	0	35	0	0	0	0	0	0	0	1	0	0	0	342	770	0	0	0	8	0	1
fsh-generated/resources/StructureDefinition-mii-pr-icu-bilanz-ausfuhr-wunddrainage.json	3094	2	0	54	0	0	0	0	0	38	0	0	1	0	0	0	0	1	0	0	1	343	805	0	0	0	8	0	1
fsh-generated/resources/StructureDefinition-mii-pr-icu-bilanz-einfuhr-abgepumpte-muttermilch.json	2972	2	0	54	0	0	0	0	0	35	0	0	0	0	0	0	0	1	0	0	0	331	678	0	0	0	8	1	1
fsh-generated/resources/StructureDefinition-mii-pr-icu-bilanz-einfuhr-enterale-fluessigkeit.json	3130	2	1	56	0	0	0	0	0	36	0	0	1	0	0	0	0	1	0	0	0	344	686	0	0	0	8	0	1
fsh-generated/resources/StructureDefinition-mii-pr-icu-bilanz-einfuhr-fluessigkeit-gesamt.json	3113	1	0	114	0	0	0	0	0	26	0	0	0	0	0	0	0	1	0	0	1	380	665	0	0	0	8	0	1
fsh-generated/resources/StructureDefinition-mii-pr-icu-bilanz-einfuhr-muttermilch.json	2929	2	0	52	1	0	0	0	0	70	0	0	0	0	0	0	0	1	0	0	0	327	616	0	0	0	8	0	1
fsh-generated/resources/StructureDefinition-mii-pr-icu-bilanz-einfuhr-orale-fluessigkeit.json	3106	2	0	52	0	0	0	0	0	70	0	0	1	0	0	0	0	1	0	0	0	378	667	0	0	0	10	0	1
fsh-generated/resources/StructureDefinition-mii-pr-icu-bilanz-einfuhr-saeuglingsnahrung.json	2936	2	0	52	0	0	0	0	0	37	0	0	0	0	0	0	0	1	0	0	1	330	652	0	0	0	8	0	0
fsh-generated/resources/StructureDefinition-mii-pr-icu-bilanz-einfuhr-spendermilch.json	2915	2	0	52	0	0	0	0	0	35	0	0	0	0	0	0	0	1	0	0	0	329	637	0	0	0	8	0	1
fsh-generated/resources/StructureDefinition-mii-pr-icu-bilanz-tagesbilanz-fluessigkeit.json	3098	2	0	51	0	0	0	0	0	38	0	0	0	0	0	0	0	1	0	0	0	343	640	0	0	0	8	0	1
fsh-generated/resources/StructureDefinition-mii-pr-icu-bilanz.json	8386	3	0	20	0	0	0	0	0	55	0	0	1	0	0	0	0	1	0	0	1	441	686	0	0	0	10	1	1
fsh-generated/resources/StructureDefinition-mii-pr-icu-device.json	2225	2	0	38	0	0	0	0	0	24	0	0	0	0	0	0	0	1	0	0	0	213	483	0	0	0	4	0	1
fsh-generated/resources/StructureDefinition-mii-pr-icu-dm-eingest-gem-parameter-extrakorporale-verfahren.json	2372	2	0	24	0	0	0	0	0	15	0	0	0	0	0	0	0	0	0	0	0	132	377	0	0	0	3	0	0
fsh-generated/resources/StructureDefinition-mii-pr-icu-dm-eingestellte-gemessene-parameter-beatmung.json	2296	2	0	24	0	0	0	0	0	15	0	0	0	0	0	0	0	0	0	0	0	131	363	0	0	0	3	0	0
fsh-generated/resources/StructureDefinition-mii-pr-icu-ect-arterieller-druck.json	1721	2	0	85	0	0	0	0	0	27	0	0	1	0	0	0	0	1	0	0	1	273	1637	0	0	0	7	0	1
fsh-generated/resources/StructureDefinition-mii-pr-icu-ect-blutfluss-cardiovasculaeres-geraet.json	1788	2	0	55	0	0	0	0	0	28	0	0	0	0	0	0	0	1	0	0	0	273	835	0	0	0	6	0	1
fsh-generated/resources/StructureDefinition-mii-pr-icu-ect-blutfluss-extrakorporaler-gasaustausch.json	1804	1	0	52	0	0	0	0	0	19	0	0	0	0	0	0	0	1	0	0	0	274	571	0	0	0	7	0	1
fsh-generated/resources/StructureDefinition-mii-pr-icu-ect-blutflussindex-extrakorporaler-gasaustausch.json	2061	2	0	46	0	0	0	0	0	29	0	0	1	0	0	0	0	1	0	0	0	285	572	0	0	0	7	1	1
fsh-generated/resources/StructureDefinition-mii-pr-icu-ect-dauer-extrakorporaler-gasaustausch.json	2016	2	0	55	0	0	0	0	0	27	0	0	0	0	0	0	0	1	0	0	1	283	560	0	0	0	7	0	0
fsh-generated/resources/StructureDefinition-mii-pr-icu-ect-dauer-haemodialysesitzung.json	1980	2	0	52	0	0	0	0	0	20	0	0	0	0	0	0	0	1	0	0	0	284	566	0	0	0	6	0	1
fsh-generated/resources/StructureDefinition-mii-pr-icu-ect-gasfluss.json	1527	2	0	53	0	0	0	0	0	16	0	0	0	0	0	0	0	1	0	0	0	266	615	0	0	0	7	0	1
fsh-generated/resources/StructureDefinition-mii-pr-icu-ect-haemodialyse-blutfluss.json	1976	2	0	50	1	0	0	0	0	17	0	0	1	0	0	0	0	1	0	0	0	282	560	0	0	0	7	0	1
fsh-generated/resources/StructureDefinition-mii-pr-icu-ect-ionisiertes-kalzium-nierenersatzverfahren.json	2792	2	0	51	0	0	1	0	1	17	0	0	0	0	0	0	0	1	0	0	1	289	3857	0	0	0	7	0	1
fsh-generated/resources/StructureDefinition-mii-pr-icu-ect-substituatfluss.json	1943	2	0	54	0	0	0	0	0	25	0	0	0	0	0	0	0	1	0	0	0	282	554	0	0	0	6	1	0
fsh-generated/resources/StructureDefinition-mii-pr-icu-ect-substituatvolumen.json	2288	3	0	49	0	0	0	0	0	17	0	0	1	0	0	0	0	1	0	0	0	283	553	0	0	0	7	0	1
fsh-generated/resources/StructureDefinition-mii-pr-icu-ect-venoeser-druck.json	1709	2	0	110	0	0	0	0	0	15	0	0	0	0	0	0	0	1	0	0	0	273	556	0	0	0	7	0	1
fsh-generated/resources/StructureDefinition-mii-pr-icu-extrakorporales-verfahren.json	7198	3	0	581	0	0	0	0	0	24	0	0	0	0	0	0	0	1	0	0	1	408	856	0	0	0	10	0	2
fsh-generated/resources/StructureDefinition-mii-pr-icu-muv-arterieller-blutdruck.json	20438	8	0	125	0	0	0	0	0	161	0	0	1	0	0	0	0	3	0	0	0	1256	2368	0	0	0	27	0	2
fsh-generated/resources/StructureDefinition-mii-pr-icu-muv-atemfrequenz.json	4299	3	0	834	0	0	0	0	0	23	0	0	0	0	0	0	0	1	0	0	0	375	1000	0	0	0	9	0	1
fsh-generated/resources/StructureDefinition-mii-pr-icu-muv-herzfrequenz.json	2505	2	0	65	0	0	0	0	0	19	0	0	0	0	0	0	0	1	0	0	1	332	3438	0	0	0	8	0	1
fsh-generated/resources/StructureDefinition-mii-pr-icu-muv-koerpergewicht.json	7624	4	0	87	0	0	0	0	0	37	0	0	1	0	0	0	0	1	0	0	0	525	1619	0	0	0	12	0	1
fsh-generated/resources/StructureDefinition-mii-pr-icu-muv-koerpergroesse.json	7271	3	0	89	0	0	0	0	0	36	0	0	0	0	0	0	0	1	0	0	0	527	1560	0	0	0	12	1	1
fsh-generated/resources/StructureDefinition-mii-pr-icu-muv-koerperlaenge.json	4108	3	0	68	0	0	0	0	0	21	0	0	1	0	0	0	0	1	0	0	0	363	1097	0	0	0	9	0	1
fsh-generated/resources/StructureDefinition-mii-pr-icu-muv-kopfumfang.json	6083	3	0	121	0	0	0	0	0	28	0	0	0	0	0	0	0	1	0	0	0	457	2135	0	0	0	11	0	1
fsh-generated/resources/StructureDefinition-mii-pr-icu-parameter-von-beatmung.json	10271	4	0	54	0	0	0	0	0	29	0	0	1	0	0	0	0	1	0	0	1	439	2727	0	0	0	11	0	1
fsh-generated/resources/StructureDefinition-mii-pr-icu-parameter-von-extrakorporalen-verfahren.json	9906	5	0	30	0	0	0	0	0	26	0	0	0	0	0	0	0	1	0	0	0	440	671	0	1	0	10	0	1
fsh-generated/resources/StructureDefinition-mii-pr-icu-score-cam-icu.json	9550	3	0	92	1	0	0	0	1	36	0	0	0	0	0	0	0	1	0	0	1	566	2086	0	0	0	12	0	1
fsh-generated/resources/StructureDefinition-mii-pr-icu-score-faces-pain-scale-revised.json	2971	5	0	47	0	0	0	0	0	15	0	0	1	0	0	0	0	1	0	0	0	289	621	0	0	0	6	0	1
fsh-generated/resources/StructureDefinition-mii-pr-icu-score-gcs.json	7947	4	0	76	0	0	0	0	0	81	0	0	0	0	0	0	0	2	0	0	0	574	2088	0	0	0	14	0	2
fsh-generated/resources/StructureDefinition-mii-pr-icu-score-icdsc.json	16333	6	0	104	0	0	0	0	0	45	0	0	1	0	0	0	0	2	0	0	1	868	1175	0	0	0	17	0	1
fsh-generated/resources/StructureDefinition-mii-pr-icu-score-numerische-ratingskala.json	2552	2	0	44	0	0	0	0	0	14	0	0	0	0	0	0	0	1	0	0	1	256	583	0	0	0	7	0	1
fsh-generated/resources/StructureDefinition-mii-pr-icu-score-rass.json	6498	3	0	92	0	0	0	0	0	20	0	0	1	0	0	0	0	1	0	0	0	330	1721	0	0	0	8	0	1
fsh-generated/resources/StructureDefinition-mii-pr-icu-score-sofa.json	20186	7	0	168	0	0	0	0	0	108	0	0	0	0	0	0	0	1	0	0	1	1051	1355	0	0	0	22	0	2
fsh-generated/resources/StructureDefinition-mii-pr-icu-score-visuelle-analogskala.json	3513	2	0	84	0	0	0	0	0	18	0	0	0	0	0	0	0	1	0	0	0	304	634	0	0	0	8	0	0
fsh-generated/resources/StructureDefinition-mii-pr-icu-score-wong-baker-faces-schmerzskala.json	6274	4	0	80	0	0	0	0	0	23	0	0	1	0	0	0	0	1	0	0	1	353	607	0	0	0	8	0	1
fsh-generated/resources/StructureDefinition-mii-pr-icu-score-zopa.json	2164	3	0	79	0	0	0	0	0	26	0	0	0	0	0	0	0	1	0	0	0	275	640	0	0	0	7	0	1
fsh-generated/resources/StructureDefinition-mii-pr-icu-score.json	10786	4	0	52	0	0	0	0	0	41	0	0	1	0	0	0	0	1	0	0	0	482	692	0	0	0	11	0	1
fsh-generated/resources/StructureDefinition-mii-pr-icu-untersuchung-pupillenbefund.json	7856	4	0	86	1	0	0	0	0	58	0	0	0	0	0	0	0	1	0	0	1	374	572	0	0	0	8	0	1
fsh-generated/resources/StructureDefinition-mii-pr-icu-untersuchung-pupillenform.json	4655	3	0	70	0	0	0	1	0	20	0	0	0	0	0	0	0	1	0	0	1	300	1288	0	0	0	8	0	0
fsh-generated/resources/StructureDefinition-mii-pr-icu-untersuchung-pupillengroesse.json	6078	3	0	84	0	0	0	0	1	40	0	0	1	0	0	0	0	1	0	0	0	354	955	0	0	0	8	0	1
fsh-generated/resources/StructureDefinition-mii-pr-icu-untersuchung-pupillenlichtreaktion-direkt.json	4784	3	0	111	0	0	0	0	0	32	0	0	0	0	0	0	0	0	0	0	0	300	906	0	0	0	7	0	1
fsh-generated/resources/StructureDefinition-mii-pr-icu-untersuchung-pupillenlichtreaktion-indirekt.json	4796	3	0	75	0	0	0	0	0	31	0	0	0	0	0	0	0	1	0	0	1	301	506	0	0	0	8	1	1
fsh-generated/resources/StructureDefinition-mii-pr-icu-untersuchung-pupillensymmetrie.json	5549	4	0	81	0	0	0	0	0	42	0	0	1	0	0	0	0	1	0	0	0	341	965	0	0	0	8	0	0
fsh-generated/resources/StructureDefinition-mii-pr-icu-vent-atemwegsdruck-bei-null-expiratorischem-gasfluss.json	2315	2	0	91	0	0	0	0	0	31	0	0	0	0	0	0	0	1	0	0	1	302	606	0	0	0	7	0	1
fsh-generated/resources/StructureDefinition-mii-pr-icu-vent-atemwegsdruck-mittlerem-expiratorischem-gasfluss.json	2330	2	0	84	0	0	0	0	0	31	0	0	0	0	0	0	0	0	0	0	0	305	600	0	0	0	7	0	1
fsh-generated/resources/StructureDefinition-mii-pr-icu-vent-atemzugvolumen-einstellung.json	2608	2	0	89	0	0	0	0	0	33	0	0	1	0	0	0	0	1	0	0	0	326	660	0	0	0	8	0	1
fsh-generated/resources/StructureDefinition-mii-pr-icu-vent-atemzugvolumen-waehrend-beatmung.json	2712	1	0	87	0	0	0	0	0	37	0	0	0	0	0	0	0	0	0	0	1	397	642	0	0	0	8	0	1
fsh-generated/resources/StructureDefinition-mii-pr-icu-vent-beatmungsvolumen-min-maschineller-beatmung.json	2778	2	0	87	0	0	0	0	0	32	0	0	0	0	0	0	0	1	0	0	0	361	613	0	0	0	7	0	1
fsh-generated/resources/StructureDefinition-mii-pr-icu-vent-beatmungszeit-hohem-druck.json	2472	2	0	75	0	0	0	0	0	32	0	0	1	0	0	0	0	1	0	0	0	333	572	0	0	0	8	0	1
fsh-generated/resources/StructureDefinition-mii-pr-icu-vent-beatmungszeit-niedrigem-druck.json	2485	2	0	99	0	0	0	0	0	31	0	0	0	0	0	0	0	0	0	0	1	326	611	0	0	0	7	0	0
fsh-generated/resources/StructureDefinition-mii-pr-icu-vent-druckdifferenz-beatmung.json	2478	2	0	90	0	0	0	0	0	31	0	0	0	0	0	0	0	1	0	0	0	322	579	0	0	0	8	0	1
fsh-generated/resources/StructureDefinition-mii-pr-icu-vent-dynamische-kompliance.json	2624	2	0	86	0	0	0	0	0	82	0	0	1	0	0	0	0	0	0	0	0	340	594	0	0	0	8	0	1
fsh-generated/resources/StructureDefinition-mii-pr-icu-vent-eingestellter-inspiratorischer-gasfluss.json	2262	1	0	86	0	0	0	0	0	33	0	0	0	0	0	0	0	1	0	0	1	307	555	0	0	0	7	0	1
fsh-generated/resources/StructureDefinition-mii-pr-icu-vent-einstellung-ausatmungszeit-beatmung.json	2499	2	0	92	0	0	0	0	0	32	0	0	1	0	0	0	0	0	1	0	0	320	586	0	0	0	7	0	1
fsh-generated/resources/StructureDefinition-mii-pr-icu-vent-einstellung-einatmungszeit-beatmung.json	2635	2	0	87	0	0	0	0	0	33	0	0	0	0	0	0	0	1	0	0	1	328	610	0	0	0	8	0	1
fsh-generated/resources/StructureDefinition-mii-pr-icu-vent-endexpiratorischer-kohlendioxidpartialdruck.json	3189	2	0	88	0	0	0	0	0	35	0	0	0	0	0	0	0	0	0	0	0	363	665	0	0	0	8	0	1
fsh-generated/resources/StructureDefinition-mii-pr-icu-vent-exspiratorischer-gasfluss.json	2509	2	0	84	1	0	0	0	0	32	0	0	1	0	0	0	0	1	0	0	0	318	624	0	0	0	7	0	0
fsh-generated/resources/StructureDefinition-mii-pr-icu-vent-exspiratorischer-sauerstoffpartialdruck.json	3155	2	0	57	0	0	0	0	0	35	0	0	0	0	0	0	0	0	0	0	0	354	661	0	0	0	9	0	1
fsh-generated/resources/StructureDefinition-mii-pr-icu-vent-horowitz-in-arteriellem-blut.json	3050	1	0	120	0	0	0	0	0	34	0	0	0	0	0	0	0	1	0	0	1	346	612	0	0	0	8	0	1
fsh-generated/resources/StructureDefinition-mii-pr-icu-vent-inspiratorische-sauerstofffraktion.json	2695	2	0	88	0	0	0	0	0	29	0	0	1	0	0	0	0	0	0	0	0	331	572	0	0	0	8	0	1
fsh-generated/resources/StructureDefinition-mii-pr-icu-vent-inspiratorischer-gasfluss.json	2434	2	0	89	0	0	0	0	0	20	0	0	0	0	0	0	0	1	0	0	1	313	599	0	0	0	7	0	1
fsh-generated/resources/StructureDefinition-mii-pr-icu-vent-maximaler-beatmungsdruck.json	2481	1	0	82	0	0	0	0	0	21	0	0	0	0	0	0	0	0	0	0	0	310	588	0	0	0	7	0	1
fsh-generated/resources/StructureDefinition-mii-pr-icu-vent-maximaler-inspiratorischer-beatmungsdruck.json	2391	2	0	51	0	0	0	0	0	19	0	0	1	0	0	0	0	1	0	0	0	312	587	0	0	0	8	1	0
fsh-generated/resources/StructureDefinition-mii-pr-icu-vent-mechanische-atemfrequenz-beatmet.json	2670	2	0	87	0	0	0	0	0	19	0	0	0	0	0	0	0	1	0	0	1	327	593	0	0	0	7	0	1
fsh-generated/resources/StructureDefinition-mii-pr-icu-vent-mittlerer-beatmungsdruck.json	2368	1	0	72	0	0	0	0	0	18	0	0	0	0	0	0	0	0	0	0	0	299	590	0	0	0	7	0	1
fsh-generated/resources/StructureDefinition-mii-pr-icu-vent-mittlerer-inspiratorischer-beatmungsdruck.json	2700	2	0	52	0	0	0	0	0	20	0	0	1	0	0	0	0	1	0	0	1	327	616	0	0	0	8	0	1
fsh-generated/resources/StructureDefinition-mii-pr-icu-vent-plateau-beatmungsdruck.json	2665	1	0	110	0	0	0	0	0	19	0	0	0	0	0	0	0	0	0	0	0	414	662	0	0	0	7	0	1
fsh-generated/resources/StructureDefinition-mii-pr-icu-vent-positiv-endexpiratorischer-druck.json	2684	2	0	49	0	0	0	0	0	19	0	0	0	0	0	0	0	1	0	0	0	334	690	0	0	0	8	0	1
fsh-generated/resources/StructureDefinition-mii-pr-icu-vent-spontane-atemfrequenz-beatmet.json	2794	2	0	48	0	0	0	0	0	19	0	0	1	0	0	0	0	0	0	0	1	412	612	0	0	0	8	0	1
fsh-generated/resources/StructureDefinition-mii-pr-icu-vent-spontane-mechanische-atemfrequenz-beatmet.json	2958	1	0	51	0	0	0	0	0	20	0	0	0	0	0	0	0	1	0	0	0	333	605	0	0	0	7	0	0
fsh-generated/resources/StructureDefinition-mii-pr-icu-vent-spontanes-atemzugvolumen.json	2210	2	0	49	0	0	0	0	0	17	0	0	1	0	0	0	0	0	0	0	1	306	559	0	0	0	7	0	1
fsh-generated/resources/StructureDefinition-mii-pr-icu-vent-spontanes-plus-mechanisches-atemzugvolumen.json	2300	2	0	50	0	0	0	0	0	18	0	0	0	0	0	0	0	1	0	0	0	308	581	0	0	0	8	0	1
fsh-generated/resources/StructureDefinition-mii-pr-icu-vent-unterstuetzungsdruck-beatmung.json	2224	1	0	55	0	0	0	0	0	18	0	0	0	0	0	0	0	0	0	0	0	303	551	0	0	0	7	0	1
fsh-generated/resources/StructureDefinition-mii-pr-icu-vent-zeitverhaeltnis-ein-ausatmung.json	2668	2	0	49	0	0	0	0	0	20	0	0	1	0	0	0	0	1	0	0	1	326	598	0	0	0	7	0	1
fsh-generated/resources/ValueSet-mii-vs-icu-body-site-observation-beatmung.json	1086	1	0	0	1	0	0	0	0	1021	0	0	0	0	0	0	0	0	0	0	14	8	194	0	0	0	1	0	0
fsh-generated/resources/ValueSet-mii-vs-icu-body-site-observation-blutdruck.json	1224	1	0	0	0	0	0	0	1	371	0	0	0	0	0	0	0	0	0	0	9	9	480	0	0	0	0	0	0
fsh-generated/resources/ValueSet-mii-vs-icu-body-site-observation-extrakorporale-verfahren.json	1049	2	0	0	0	0	0	0	0	415	0	0	0	0	0	0	0	0	0	0	8	6	84	0	0	0	0	0	0
fsh-generated/resources/ValueSet-mii-vs-icu-body-site-observation-monitoring-und-vitaldaten.json	2653	1	0	0	0	0	0	0	0	428	0	0	0	0	0	0	0	0	0	0	10	16	507	0	0	0	0	0	0
fsh-generated/resources/ValueSet-mii-vs-icu-bodysite-observation-pupillenbefund.json	1084	1	0	0	0	0	0	0	0	422	0	0	0	0	0	0	0	0	0	0	8	8	72	0	0	0	0	0	0
fsh-generated/resources/ValueSet-mii-vs-icu-cam-icu-result.json	998	2	0	0	0	0	0	0	1	396	0	0	0	0	0	0	0	0	0	0	7	9	70	0	0	0	1	0	0
fsh-generated/resources/ValueSet-mii-vs-icu-category-observation-bilanzen-hl7.json	1176	1	0	0	0	0	0	0	0	5	0	0	0	0	0	0	0	0	0	0	6	10	70	0	0	0	0	0	0
fsh-generated/resources/ValueSet-mii-vs-icu-category-procedure-beatmung-snomed.json	1024	1	0	0	0	0	0	0	0	419	0	0	0	0	0	0	0	0	0	0	5	8	65	0	0	0	0	0	0
fsh-generated/resources/ValueSet-mii-vs-icu-code-extrakorporale-verfahren.json	7273	2	0	0	0	0	0	0	1	558	0	0	0	0	0	0	0	0	0	0	5	29	641	0	0	0	0	0	0
fsh-generated/resources/ValueSet-mii-vs-icu-code-monitoring-und-vitaldaten-iso11073.json	5667	2	0	0	0	0	0	0	0	817	0	0	0	0	0	0	0	0	0	0	5	18	477	0	0	0	1	0	0
fsh-generated/resources/ValueSet-mii-vs-icu-code-monitoring-und-vitaldaten-loinc.json	6774	2	0	0	0	0	0	0	1	422	0	0	0	0	0	0	0	0	0	0	6	26	499	0	0	0	0	0	0
fsh-generated/resources/ValueSet-mii-vs-icu-code-monitoring-und-vitaldaten-snomed.json	6055	2	0	0	0	0	0	0	1	553	0	0	0	0	0	0	0	0	0	0	5	25	611	0	0	0	1	0	0
fsh-generated/resources/ValueSet-mii-vs-icu-code-observation-beatmung-iso11073.json	3266	1	0	0	0	0	0	0	0	404	0	0	0	0	0	0	0	0	0	0	5	13	73	0	0	0	0	0	0
fsh-generated/resources/ValueSet-mii-vs-icu-code-observation-beatmung-loinc.json	4551	2	0	0	0	0	0	0	1	385	0	0	0	0	0	0	0	0	0	0	5	19	70	0	0	0	0	0	0
fsh-generated/resources/ValueSet-mii-vs-icu-code-observation-beatmung-snomed.json	3369	2	0	0	0	0	0	0	0	427	0	0	0	0	0	0	0	0	0	0	5	16	64	0	0	0	1	0	0
fsh-generated/resources/ValueSet-mii-vs-icu-code-observation-bilanzen-iso11073.json	1023	1	0	0	0	0	0	0	0	391	0	0	0	0	0	0	0	0	0	0	5	6	432	0	0	0	0	0	0
fsh-generated/resources/ValueSet-mii-vs-icu-code-observation-bilanzen-loinc.json	2180	1	0	0	1	0	0	0	1	366	0	0	0	0	0	0	0	0	0	0	4	11	456	0	0	0	0	0	0
fsh-generated/resources/ValueSet-mii-vs-icu-code-observation-bilanzen-snomed.json	3424	1	0	0	0	0	0	0	0	413	0	0	0	0	0	0	0	0	0	0	5	15	468	0	0	0	0	0	0
fsh-generated/resources/ValueSet-mii-vs-icu-code-observation-extrakorporale-verfahren-iso11073.json	861	2	0	0	0	0	0	0	0	2	0	0	0	0	0	0	0	0	0	0	5	6	50	0	0	0	0	0	0
fsh-generated/resources/ValueSet-mii-vs-icu-code-observation-extrakorporale-verfahren-loinc.json	1244	1	0	0	0	0	0	0	0	377	0	0	0	0	0	0	0	0	0	0	4	8	52	0	0	0	1	0	0
fsh-generated/resources/ValueSet-mii-vs-icu-code-observation-extrakorporale-verfahren-snomed.json	2454	1	0	0	0	0	0	0	0	423	0	0	0	0	0	0	0	0	0	0	5	12	57	0	0	0	0	0	0
fsh-generated/resources/ValueSet-mii-vs-icu-code-observation-pupillengroesse.json	1082	1	0	0	0	0	0	0	1	411	0	0	0	0	0	0	0	0	0	0	5	7	52	0	0	0	0	0	0
fsh-generated/resources/ValueSet-mii-vs-icu-code-observation-pupillenlichtreaktion.json	1201	2	0	0	0	0	0	0	0	401	0	0	0	0	0	0	0	0	0	0	6	10	51	0	0	0	0	0	0
fsh-generated/resources/ValueSet-mii-vs-icu-code-observation-pupillensymmetrie.json	1003	1	0	0	0	0	0	0	0	416	0	0	0	0	0	0	0	0	0	0	5	6	50	0	0	0	0	0	0
fsh-generated/resources/ValueSet-mii-vs-icu-code-oservation-pupillenform-loinc.json	1097	1	0	0	0	0	0	0	0	398	0	0	0	0	0	0	0	0	0	0	6	8	49	0	0	0	0	0	0
fsh-generated/resources/ValueSet-mii-vs-icu-code-procedure-beatmung-snomed.json	11992	2	0	0	0	0	0	0	1	534	0	0	0	0	0	0	0	0	0	0	6	46	666	0	0	0	1	0	0
fsh-generated/resources/ValueSet-mii-vs-icu-component-gcs-eyes.json	1140	2	0	0	0	0	0	0	0	411	0	0	0	0	0	0	0	0	0	0	5	7	56	0	0	0	0	0	0
fsh-generated/resources/ValueSet-mii-vs-icu-component-gcs-motor.json	1323	1	0	0	0	0	0	0	0	406	0	0	0	0	0	0	0	0	0	0	5	9	55	0	0	0	1	0	0
fsh-generated/resources/ValueSet-mii-vs-icu-component-gcs-verbal.json	1260	1	0	0	0	0	0	0	1	411	0	0	0	0	0	0	0	0	0	0	5	8	57	0	0	0	0	0	0
fsh-generated/resources/ValueSet-mii-vs-icu-delirium-interpretation.json	1077	1	0	0	0	0	0	0	0	407	0	0	0	0	0	0	0	0	0	0	5	7	58	0	0	0	0	0	0
fsh-generated/resources/ValueSet-mii-vs-icu-devicemetric-extrakorporale-verfahren.json	861	1	0	0	0	0	0	0	0	1207	0	0	0	0	0	0	0	0	0	0	4	7	2805	0	0	0	0	0	0
fsh-generated/resources/ValueSet-mii-vs-icu-method-observation-blutdruck.json	1002	2	0	0	0	0	0	0	0	366	0	0	0	0	0	0	0	0	0	0	5	7	451	0	0	0	0	0	0
fsh-generated/resources/ValueSet-mii-vs-icu-present-absent.json	939	1	0	0	0	0	0	0	0	409	0	0	0	0	0	0	0	0	0	0	5	7	48	0	0	0	0	0	0
fsh-generated/resources/ValueSet-mii-vs-icu-score-category.json	865	1	0	0	0	0	0	0	0	399	0	0	0	0	0	0	0	0	0	0	4	6	450	0	0	0	0	0	0
fsh-generated/resources/ValueSet-mii-vs-icu-score-loinc.json	1088	1	0	0	0	0	0	0	0	412	0	0	0	0	0	0	0	0	0	0	5	8	433	0	0	0	0	0	0
fsh-generated/resources/ValueSet-mii-vs-icu-score-rass.json	1693	1	0	0	0	0	0	0	1	1183	0	0	0	0	0	0	0	0	0	0	4	9	2444	0	0	0	1	0	0
fsh-generated/resources/ValueSet-mii-vs-icu-score-snomed.json	1170	1	0	0	0	0	0	0	0	407	0	0	0	0	0	0	0	0	0	0	5	8	465	0	0	0	0	0	0
fsh-generated/resources/ValueSet-mii-vs-icu-unit-equivalent-percent-1.json	947	1	0	0	0	0	0	0	0	385	0	0	0	0	0	0	0	0	0	0	4	7	433	0	0	0	0	0	0
fsh-generated/resources/ValueSet-mii-vs-icu-unit-equivalent-ucum-beats-per-minute.json	1007	2	0	0	0	0	0	0	0	405	0	0	0	0	0	0	0	1	0	0	4	6	46	0	0	0	0	0	0
fsh-generated/resources/ValueSet-mii-vs-icu-unit-equivalent-ucum-breaths-per-minute.json	959	0	0	0	0	0	0	0	0	402	0	0	0	0	0	0	0	0	0	0	5	7	46	0	0	0	0	0	0
fsh-generated/resources/ValueSet-mii-vs-icu-unit-equivalent-ucum-dyn-s-cm5-m2.json	1123	1	0	0	0	0	0	0	0	403	0	0	0	0	0	0	0	0	0	0	4	7	448	0	0	0	0	0	0
fsh-generated/resources/ValueSet-mii-vs-icu-unit-equivalent-ucum-l-per-minute-and-squaremeter.json	1172	1	0	0	0	0	0	0	0	400	0	0	0	0	0	0	0	0	0	0	4	7	448	0	0	0	0	0	0
fsh-generated/resources/ValueSet-mii-vs-icu-unit-equivalent-ucum-l-per-minute.json	985	1	0	0	0	0	0	0	0	405	0	0	0	0	0	0	0	0	0	0	5	6	427	0	0	0	1	0	0
fsh-generated/resources/ValueSet-mii-vs-icu-unit-equivalent-ucum-milliliter.json	965	1	0	0	0	0	0	0	1	385	0	0	0	0	0	0	0	0	0	0	4	7	47	0	0	0	0	0	0
input/resources/Parameters-expansion-manifest.json	508	2	0	0	1	0	0	0	1	1	0	0	0	0	0	0	0	0	0	0	4	32	450	0	0	0	0	0	1
/input/includes/menu.xml	5115	-	-	-	0	0	0	0	0	0	0	0	0	0	0	0	0	0	0	0	0	0	2	0	0	0	0	0	0
/fsh-generated/includes/fsh-link-references.md	32607	-	-	-	0	0	0	0	0	0	0	0	0	0	0	0	0	0	0	0	0	0	3	0	0	0	0	0	0
/input/intro-notes/StructureDefinition-mii-pr-icu-vent-einstellung-einatmungszeit-beatmung-intro.md	754	-	-	-	0	0	0	0	0	0	0	0	0	0	0	0	0	0	0	0	0	0	0	0	0	0	0	0	0
/input/intro-notes/StructureDefinition-mii-pr-icu-ect-arterieller-druck-intro.md	1208	-	-	-	0	0	0	0	0	0	0	0	0	0	0	0	0	0	0	0	0	0	1	0	0	0	0	0	0
/input/intro-notes/StructureDefinition-mii-pr-icu-bilanz-einfuhr-orale-fluessigkeit-intro.md	719	-	-	-	0	0	0	0	0	0	0	0	0	0	0	0	0	0	0	0	0	0	0	0	0	0	0	0	0
/input/intro-notes/StructureDefinition-mii-pr-icu-bilanz-einfuhr-saeuglingsnahrung-intro.md	652	-	-	-	0	0	0	0	0	0	0	0	0	0	0	0	0	0	0	0	0	0	1	0	0	0	0	0	0
/input/intro-notes/StructureDefinition-mii-pr-icu-vent-atemwegsdruck-bei-null-expiratorischem-gasfluss-intro.md	1291	-	-	-	0	0	0	0	0	0	0	0	0	0	0	0	0	0	0	0	0	0	0	0	0	0	0	0	0
/input/intro-notes/StructureDefinition-mii-pr-icu-vent-eingestellter-inspiratorischer-gasfluss-intro.md	730	-	-	-	0	0	0	0	0	0	0	0	0	0	0	0	0	0	0	0	0	0	1	0	0	0	0	0	0
/input/intro-notes/StructureDefinition-mii-pr-icu-vent-spontane-atemfrequenz-beatmet-intro.md	756	-	-	-	0	0	0	0	0	0	0	0	0	0	0	0	0	0	0	0	0	0	0	0	0	0	0	0	0
/input/intro-notes/StructureDefinition-mii-pr-icu-vent-exspiratorischer-gasfluss-intro.md	720	-	-	-	0	0	0	0	0	0	0	0	0	0	0	0	0	0	0	0	0	0	1	0	0	0	0	0	0
/input/intro-notes/StructureDefinition-mii-pr-icu-ect-dauer-haemodialysesitzung-intro.md	825	-	-	-	0	0	0	0	0	0	0	0	0	0	0	0	0	0	0	0	0	0	0	0	0	0	0	0	0
/input/intro-notes/StructureDefinition-mii-pr-icu-muv-koerpergroesse-intro.md	973	-	-	-	0	0	0	0	0	0	0	0	0	0	0	0	0	0	0	0	0	0	1	0	0	0	0	0	0
/input/intro-notes/StructureDefinition-mii-pr-icu-bilanz-ausfuhr-fluessigkeit-gesamt-intro.md	741	-	-	-	0	0	0	0	0	0	0	0	0	0	0	0	0	0	0	0	0	0	1	0	0	0	0	0	0
/input/intro-notes/StructureDefinition-mii-pr-icu-bilanz-ausfuhr-pankreasdrainage-intro.md	729	-	-	-	0	0	0	0	0	0	0	0	0	0	0	0	0	0	0	0	0	0	0	0	0	0	0	0	0
/input/intro-notes/StructureDefinition-mii-pr-icu-bilanz-einfuhr-spendermilch-intro.md	652	-	-	-	0	0	0	0	0	0	0	0	0	0	0	0	0	0	0	0	0	0	1	0	0	0	0	0	0
/input/intro-notes/StructureDefinition-mii-pr-icu-bilanz-tagesbilanz-fluessigkeit-intro.md	699	-	-	-	0	0	0	0	0	0	0	0	0	0	0	0	0	0	0	0	0	0	0	0	0	0	0	0	0
/input/intro-notes/StructureDefinition-mii-pr-icu-ect-ionisiertes-kalzium-nierenersatzverfahren-intro.md	859	-	-	-	0	0	0	0	0	0	0	0	0	0	0	0	0	0	0	0	0	0	1	0	0	0	0	0	0
/input/intro-notes/StructureDefinition-mii-pr-icu-muv-koerpergewicht-intro.md	802	-	-	-	0	0	0	0	0	0	0	0	0	0	0	0	0	0	0	0	0	0	0	0	0	0	0	0	0
/input/intro-notes/StructureDefinition-mii-pr-icu-vent-druckdifferenz-beatmung-intro.md	867	-	-	-	0	0	0	0	0	0	0	0	0	0	0	0	0	0	0	0	0	0	1	0	0	0	0	0	0
/input/intro-notes/StructureDefinition-mii-pr-icu-muv-atemfrequenz-intro.md	812	-	-	-	0	0	0	0	0	0	0	0	0	0	0	0	0	0	0	0	0	0	2	0	0	0	0	0	0
/input/intro-notes/StructureDefinition-mii-pr-icu-vent-unterstuetzungsdruck-beatmung-intro.md	797	-	-	-	0	0	0	0	0	0	0	0	0	0	0	0	0	0	0	0	0	0	1	0	0	0	0	0	0
/input/intro-notes/StructureDefinition-mii-pr-icu-vent-inspiratorische-sauerstofffraktion-intro.md	1262	-	-	-	0	0	0	0	0	0	0	0	0	0	0	0	0	0	0	0	0	0	0	0	0	0	0	0	0
/input/intro-notes/StructureDefinition-mii-pr-icu-vent-positiv-endexpiratorischer-druck-intro.md	756	-	-	-	0	0	0	0	0	0	0	0	0	0	0	0	0	0	0	0	0	0	0	0	0	0	0	0	0
/input/intro-notes/StructureDefinition-mii-pr-icu-bilanz-einfuhr-muttermilch-intro.md	640	-	-	-	0	0	0	0	0	0	0	0	0	0	0	0	0	0	0	0	0	0	1	0	0	0	0	0	0
/input/intro-notes/StructureDefinition-mii-pr-icu-vent-spontanes-atemzugvolumen-intro.md	1227	-	-	-	0	0	0	0	0	0	0	0	0	0	0	0	0	0	0	0	0	0	0	0	0	0	0	0	0
/input/intro-notes/StructureDefinition-mii-pr-icu-bilanz-ausfuhr-gallenfluessigkeit-intro.md	711	-	-	-	0	0	0	0	0	0	0	0	0	0	0	0	0	0	0	0	0	0	3	0	0	0	0	0	0
/input/intro-notes/StructureDefinition-mii-pr-icu-vent-zeitverhaeltnis-ein-ausatmung-intro.md	748	-	-	-	0	0	0	0	0	0	0	0	0	0	0	0	0	0	0	0	0	0	1	0	0	0	0	0	0
/input/intro-notes/StructureDefinition-mii-pr-icu-vent-beatmungszeit-hohem-druck-intro.md	746	-	-	-	0	0	0	0	0	0	0	0	0	0	0	0	0	0	0	0	0	0	0	0	0	0	0	0	0
/input/intro-notes/StructureDefinition-mii-pr-icu-bilanz-ausfuhr-blutverlust-intro.md	1172	-	-	-	0	0	0	0	0	0	0	0	0	0	0	0	0	0	0	0	0	0	1	0	0	0	0	0	0
/input/intro-notes/StructureDefinition-mii-pr-icu-ect-venoeser-druck-intro.md	1204	-	-	-	0	0	0	0	0	0	0	0	0	0	0	0	0	0	0	0	0	0	4	0	0	0	0	0	0
/input/intro-notes/StructureDefinition-mii-pr-icu-vent-exspiratorischer-sauerstoffpartialdruck-intro.md	748	-	-	-	0	0	0	0	0	0	0	0	0	0	0	0	0	0	0	0	0	0	1	0	0	0	0	0	0
/input/intro-notes/StructureDefinition-mii-pr-icu-vent-atemzugvolumen-waehrend-beatmung-intro.md	742	-	-	-	0	0	0	0	0	0	0	0	0	0	0	0	0	0	0	0	0	0	1	0	0	0	0	0	0
/input/intro-notes/StructureDefinition-mii-pr-icu-vent-horowitz-in-arteriellem-blut-intro.md	732	-	-	-	0	0	0	0	0	0	0	0	0	0	0	0	0	0	0	0	0	0	2	0	0	0	0	0	0
/input/intro-notes/StructureDefinition-mii-pr-icu-bilanz-einfuhr-abgepumpte-muttermilch-intro.md	652	-	-	-	0	0	0	0	0	0	0	0	0	0	0	0	0	0	0	0	0	0	2	0	0	0	0	0	0
/input/intro-notes/StructureDefinition-mii-pr-icu-vent-inspiratorischer-gasfluss-intro.md	722	-	-	-	0	0	0	0	0	0	0	0	0	0	0	0	0	0	0	0	0	0	4	0	0	0	0	0	0
/input/intro-notes/StructureDefinition-mii-pr-icu-bilanz-intro.md	406	-	-	-	0	0	0	0	0	0	0	0	0	0	0	0	0	0	0	0	0	0	4	0	0	0	0	0	0
/input/intro-notes/StructureDefinition-mii-pr-icu-vent-atemwegsdruck-mittlerem-expiratorischem-gasfluss-intro.md	1302	-	-	-	0	0	0	0	0	0	0	0	0	0	0	0	0	0	0	0	0	0	2	0	0	0	0	0	0
/input/intro-notes/StructureDefinition-mii-pr-icu-muv-arterieller-blutdruck-intro.md	974	-	-	-	0	0	0	0	0	0	0	0	0	0	0	0	0	0	0	0	0	0	3	0	0	0	0	0	0
/input/intro-notes/StructureDefinition-mii-pr-icu-ect-blutflussindex-extrakorporaler-gasaustausch-intro.md	849	-	-	-	0	0	0	0	0	0	0	0	0	0	0	0	0	0	0	0	0	0	3	0	0	0	0	0	0
/input/intro-notes/StructureDefinition-mii-pr-icu-bilanz-ausfuhr-op-drainage-intro.md	1173	-	-	-	0	0	0	0	0	0	0	0	0	0	0	0	0	0	0	0	0	0	1	0	0	0	0	0	0
/input/intro-notes/StructureDefinition-mii-pr-icu-vent-beatmungszeit-niedrigem-druck-intro.md	744	-	-	-	0	0	0	0	0	0	0	0	0	0	0	0	0	0	0	0	0	0	2	0	0	0	0	0	0
/input/intro-notes/StructureDefinition-mii-pr-icu-bilanz-ausfuhr-urin-intro.md	701	-	-	-	0	0	0	0	0	0	0	0	0	0	0	0	0	0	0	0	0	0	2	0	0	0	0	0	0
/input/intro-notes/StructureDefinition-mii-pr-icu-vent-mechanische-atemfrequenz-beatmet-intro.md	764	-	-	-	0	0	0	0	0	0	0	0	0	0	0	0	0	0	0	0	0	0	1	0	0	0	0	0	0
/input/intro-notes/StructureDefinition-mii-pr-icu-bilanz-einfuhr-fluessigkeit-gesamt-intro.md	715	-	-	-	0	0	0	0	0	0	0	0	0	0	0	0	0	0	0	0	0	0	2	0	0	0	0	0	0
/input/intro-notes/StructureDefinition-mii-pr-icu-ect-gasfluss-intro.md	791	-	-	-	0	0	0	0	0	0	0	0	0	0	0	0	0	0	0	0	0	0	16	0	0	0	0	0	0
/input/intro-notes/StructureDefinition-mii-pr-icu-bilanz-ausfuhr-stuhlgang-intro.md	711	-	-	-	0	0	0	0	0	0	0	0	0	0	0	0	0	0	0	0	0	0	2	0	0	0	0	0	0
/input/intro-notes/StructureDefinition-mii-pr-icu-vent-maximaler-beatmungsdruck-intro.md	736	-	-	-	0	0	0	0	0	0	0	0	0	0	0	0	0	0	0	0	0	0	5	0	0	0	0	0	0
/input/intro-notes/StructureDefinition-mii-pr-icu-bilanz-einfuhr-enterale-fluessigkeit-intro.md	747	-	-	-	0	0	0	0	0	0	0	0	0	0	0	0	0	0	0	0	0	0	2	0	0	0	0	0	0
/input/intro-notes/StructureDefinition-mii-pr-icu-ect-substituatvolumen-intro.md	797	-	-	-	0	0	0	0	0	0	0	0	0	0	0	0	0	0	0	0	0	0	0	0	0	0	0	0	0
/input/intro-notes/StructureDefinition-mii-pr-icu-ect-dauer-extrakorporaler-gasaustausch-intro.md	839	-	-	-	0	0	0	0	0	0	0	0	0	0	0	0	0	0	0	0	0	0	0	0	0	0	0	0	0
/input/intro-notes/StructureDefinition-mii-pr-icu-vent-einstellung-ausatmungszeit-beatmung-intro.md	752	-	-	-	0	0	0	0	0	0	0	0	0	0	0	0	0	0	0	0	0	0	1	0	0	0	0	0	0
/input/intro-notes/StructureDefinition-mii-pr-icu-vent-beatmungsvolumen-min-maschineller-beatmung-intro.md	760	-	-	-	0	0	0	0	0	0	0	0	0	0	0	0	0	0	0	0	0	0	0	0	0	0	0	0	0
/input/intro-notes/StructureDefinition-mii-pr-icu-vent-spontane-mechanische-atemfrequenz-beatmet-intro.md	788	-	-	-	0	0	0	0	0	0	0	0	0	0	0	0	0	0	0	0	0	0	1	0	0	0	0	0	0
/input/intro-notes/StructureDefinition-mii-pr-icu-vent-spontanes-plus-mechanisches-atemzugvolumen-intro.md	1302	-	-	-	0	0	0	0	0	0	0	0	0	0	0	0	0	0	0	0	0	0	0	0	0	0	0	0	0
/input/intro-notes/StructureDefinition-mii-pr-icu-ect-haemodialyse-blutfluss-intro.md	807	-	-	-	0	0	0	0	0	0	0	0	0	0	0	0	0	0	0	0	0	0	1	0	0	0	0	0	0
/input/intro-notes/StructureDefinition-mii-pr-icu-ect-blutfluss-extrakorporaler-gasaustausch-intro.md	837	-	-	-	0	0	0	0	0	0	0	0	0	0	0	0	0	0	0	0	0	0	1	0	0	0	0	0	0
/input/intro-notes/StructureDefinition-mii-pr-icu-vent-mittlerer-beatmungsdruck-intro.md	730	-	-	-	0	0	0	0	0	0	0	0	0	0	0	0	0	0	0	0	0	0	0	0	0	0	0	0	0
/input/intro-notes/StructureDefinition-mii-pr-icu-bilanz-ausfuhr-haemofiltration-einzelmesswerte-intro.md	799	-	-	-	0	0	0	0	0	0	0	0	0	0	0	0	0	0	0	0	0	0	1	0	0	0	0	0	0
/input/intro-notes/StructureDefinition-mii-pr-icu-dm-eingestellte-gemessene-parameter-beatmung-intro.md	2233	-	-	-	0	0	0	0	0	0	0	0	0	0	0	0	0	0	0	0	0	0	0	0	0	0	0	0	0
/input/intro-notes/StructureDefinition-mii-pr-icu-bilanz-ausfuhr-wunddrainage-intro.md	711	-	-	-	0	0	0	0	0	0	0	0	0	0	0	0	0	0	0	0	0	0	1	0	0	0	0	0	0
/input/intro-notes/StructureDefinition-mii-pr-icu-muv-kopfumfang-intro.md	816	-	-	-	0	0	0	0	0	0	0	0	0	0	0	0	0	0	0	0	0	0	1	0	0	0	0	0	0
/input/intro-notes/StructureDefinition-mii-pr-icu-beatmung-intro.md	810	-	-	-	0	0	0	0	0	0	0	0	0	0	0	0	0	0	0	0	0	0	0	0	0	0	0	0	0
/input/intro-notes/StructureDefinition-mii-pr-icu-dm-eingest-gem-parameter-extrakorporale-verfahren-intro.md	2258	-	-	-	0	0	0	0	0	0	0	0	0	0	0	0	0	0	0	0	0	0	1	0	0	0	0	0	0
/input/intro-notes/StructureDefinition-mii-pr-icu-bilanz-ausfuhr-magensonde-intro.md	715	-	-	-	0	0	0	0	0	0	0	0	0	0	0	0	0	0	0	0	0	0	1	0	0	0	0	0	0
/input/intro-notes/StructureDefinition-mii-pr-icu-extrakorporales-verfahren-intro.md	1020	-	-	-	0	0	0	0	0	0	0	0	0	0	0	0	0	0	0	0	0	0	0	0	0	0	0	0	0
/input/intro-notes/StructureDefinition-mii-pr-icu-ect-substituatfluss-intro.md	793	-	-	-	0	0	0	0	0	0	0	0	0	0	0	0	0	0	0	0	0	0	1	0	0	0	0	0	0
/input/intro-notes/StructureDefinition-mii-pr-icu-vent-endexpiratorischer-kohlendioxidpartialdruck-intro.md	1304	-	-	-	0	0	0	0	0	0	0	0	0	0	0	0	0	0	0	0	0	0	1	0	0	0	0	0	0
/input/intro-notes/StructureDefinition-mii-pr-icu-bilanz-ausfuhr-drainage-generisch-intro.md	723	-	-	-	0	0	0	0	0	0	0	0	0	0	0	0	0	0	0	0	0	0	0	0	0	0	0	0	0
/input/intro-notes/StructureDefinition-mii-pr-icu-ect-blutfluss-cardiovasculaeres-geraet-intro.md	841	-	-	-	0	0	0	0	0	0	0	0	0	0	0	0	0	0	0	0	0	0	1	0	0	0	0	0	0
/input/intro-notes/StructureDefinition-mii-pr-icu-vent-atemzugvolumen-einstellung-intro.md	742	-	-	-	0	0	0	0	0	0	0	0	0	0	0	0	0	0	0	0	0	0	1	0	0	0	0	0	0
/input/intro-notes/StructureDefinition-mii-pr-icu-vent-dynamische-kompliance-intro.md	716	-	-	-	0	0	0	0	0	0	0	0	0	0	0	0	0	0	0	0	0	0	0	0	0	0	0	0	0
/input/pagecontent/version-history.md	4510	-	-	-	0	0	0	0	0	0	0	0	0	0	0	0	0	0	0	0	0	0	1	0	0	0	0	0	0
/input/pagecontent/value-sets.md	5696	-	-	-	0	0	0	0	0	0	0	0	0	0	0	0	0	0	0	0	0	0	1	0	0	0	0	0	0
/input/pagecontent/search-parameters.md	2297	-	-	-	0	0	0	0	0	0	0	0	0	0	0	0	0	0	0	0	0	0	1	0	0	0	0	0	0
/input/pagecontent/profiles.md	28237	-	-	-	0	0	0	0	0	0	0	0	0	0	0	0	0	0	0	0	0	0	1	0	0	0	0	0	0
/input/pagecontent/ImplementationGuide-mii-ig-icu.md	3494	-	-	-	0	0	0	0	0	0	0	0	0	0	0	0	0	0	0	0	0	0	1	0	0	0	0	0	0
/input/pagecontent/downloads.md	3291	-	-	-	0	0	0	0	0	0	0	0	0	0	0	0	0	0	0	0	0	0	1	0	0	0	0	0	0
/input/pagecontent/examples.md	32156	-	-	-	0	0	0	0	0	0	0	0	0	0	0	0	0	0	0	0	0	0	1	0	0	0	0	0	0
/input/pagecontent/security-and-privacy.md	3060	-	-	-	0	0	0	0	0	0	0	0	0	0	0	0	0	0	0	0	0	0	1	0	0	0	0	0	0
/input/pagecontent/logical-models.md	1334	-	-	-	0	0	0	0	0	0	0	0	0	0	0	0	0	0	0	0	0	0	0	0	0	0	0	0	0
/input/pagecontent/translationinfo.md	992	-	-	-	0	0	0	0	0	0	0	0	0	0	0	0	0	0	0	0	0	0	1	0	0	0	0	0	0
/input/pagecontent/guidance.md	1510	-	-	-	0	0	0	0	0	0	0	0	0	0	0	0	0	0	0	0	0	0	0	0	0	0	0	0	0
/input/pagecontent/changes.md	1346	-	-	-	0	0	0	0	0	0	0	0	0	0	0	0	0	0	0	0	0	0	0	0	0	0	0	0	0
/input/pagecontent/capability-statements.md	819	-	-	-	0	0	0	0	0	0	0	0	0	0	0	0	0	0	0	0	0	0	1	0	0	0	0	0	0
/input/pagecontent/uml-diagrams.md	247	-	-	-	0	0	0	0	0	0	0	0	0	0	0	0	0	0	0	0	0	0	0	0	0	0	0	0	0
/input/pagecontent/index.md	18707	-	-	-	0	0	0	0	0	0	0	0	0	0	0	0	0	0	0	0	0	0	1	0	0	0	0	0	0
/input/pagecontent/implementer-guidance.md	4733	-	-	-	0	0	0	0	0	0	0	0	0	0	0	0	0	0	0	0	0	0	1	0	0	0	0	0	0
/input/intro-notes	0	-	-	-	0	0	0	0	0	0	0	0	0	0	0	0	0	0	0	0	0	0	0	0	0	0	0	0	0
/input/intro-notes/StructureDefinition-mii-pr-icu-vent-einstellung-einatmungszeit-beatmung-intro.md	754	-	-	-	0	0	0	0	0	0	0	0	0	0	0	0	0	0	0	0	0	0	0	0	0	0	0	0	0
/input/intro-notes/StructureDefinition-mii-pr-icu-ect-arterieller-druck-intro.md	1208	-	-	-	0	0	0	0	0	0	0	0	0	0	0	0	0	0	0	0	0	0	1	0	0	0	0	0	0
/input/intro-notes/StructureDefinition-mii-pr-icu-bilanz-einfuhr-orale-fluessigkeit-intro.md	719	-	-	-	0	0	0	0	0	0	0	0	0	0	0	0	0	0	0	0	0	0	0	0	0	0	0	0	0
/input/intro-notes/StructureDefinition-mii-pr-icu-bilanz-einfuhr-saeuglingsnahrung-intro.md	652	-	-	-	0	0	0	0	0	0	0	0	0	0	0	0	0	0	0	0	0	0	0	0	0	0	0	0	0
/input/intro-notes/StructureDefinition-mii-pr-icu-vent-atemwegsdruck-bei-null-expiratorischem-gasfluss-intro.md	1291	-	-	-	0	0	0	0	0	0	0	0	0	0	0	0	0	0	0	0	0	0	0	0	0	0	0	0	0
/input/intro-notes/StructureDefinition-mii-pr-icu-vent-eingestellter-inspiratorischer-gasfluss-intro.md	730	-	-	-	0	0	0	0	0	0	0	0	0	0	0	0	0	0	0	0	0	0	1	0	0	0	0	0	0
/input/intro-notes/StructureDefinition-mii-pr-icu-vent-spontane-atemfrequenz-beatmet-intro.md	756	-	-	-	0	0	0	0	0	0	0	0	0	0	0	0	0	0	0	0	0	0	0	0	0	0	0	0	0
/input/intro-notes/StructureDefinition-mii-pr-icu-vent-exspiratorischer-gasfluss-intro.md	720	-	-	-	0	0	0	0	0	0	0	0	0	0	0	0	0	0	0	0	0	0	0	0	0	0	0	0	0
/input/intro-notes/StructureDefinition-mii-pr-icu-ect-dauer-haemodialysesitzung-intro.md	825	-	-	-	0	0	0	0	0	0	0	0	0	0	0	0	0	0	0	0	0	0	0	0	0	0	0	0	0
/input/intro-notes/StructureDefinition-mii-pr-icu-muv-koerpergroesse-intro.md	973	-	-	-	0	0	0	0	0	0	0	0	0	0	0	0	0	0	0	0	0	0	0	0	0	0	0	0	0
/input/intro-notes/StructureDefinition-mii-pr-icu-bilanz-ausfuhr-fluessigkeit-gesamt-intro.md	741	-	-	-	0	0	0	0	0	0	0	0	0	0	0	0	0	0	0	0	0	0	1	0	0	0	0	0	0
/input/intro-notes/StructureDefinition-mii-pr-icu-bilanz-ausfuhr-pankreasdrainage-intro.md	729	-	-	-	0	0	0	0	0	0	0	0	0	0	0	0	0	0	0	0	0	0	0	0	0	0	0	0	0
/input/intro-notes/StructureDefinition-mii-pr-icu-bilanz-einfuhr-spendermilch-intro.md	652	-	-	-	0	0	0	0	0	0	0	0	0	0	0	0	0	0	0	0	0	0	0	0	0	0	0	0	0
/input/intro-notes/StructureDefinition-mii-pr-icu-bilanz-tagesbilanz-fluessigkeit-intro.md	699	-	-	-	0	0	0	0	0	0	0	0	0	0	0	0	0	0	0	0	0	0	0	0	0	0	0	0	0
/input/intro-notes/StructureDefinition-mii-pr-icu-ect-ionisiertes-kalzium-nierenersatzverfahren-intro.md	859	-	-	-	0	0	0	0	0	0	0	0	0	0	0	0	0	0	0	0	0	0	0	0	0	0	0	0	0
/input/intro-notes/StructureDefinition-mii-pr-icu-muv-koerpergewicht-intro.md	802	-	-	-	0	0	0	0	0	0	0	0	0	0	0	0	0	0	0	0	0	0	1	0	0	0	0	0	0
/input/intro-notes/StructureDefinition-mii-pr-icu-vent-druckdifferenz-beatmung-intro.md	867	-	-	-	0	0	0	0	0	0	0	0	0	0	0	0	0	0	0	0	0	0	0	0	0	0	0	0	0
/input/intro-notes/StructureDefinition-mii-pr-icu-muv-atemfrequenz-intro.md	812	-	-	-	0	0	0	0	0	0	0	0	0	0	0	0	0	0	0	0	0	0	0	0	0	0	0	0	0
/input/intro-notes/StructureDefinition-mii-pr-icu-vent-unterstuetzungsdruck-beatmung-intro.md	797	-	-	-	0	0	0	0	0	0	0	0	0	0	0	0	0	0	0	0	0	0	0	0	0	0	0	0	0
/input/intro-notes/StructureDefinition-mii-pr-icu-vent-inspiratorische-sauerstofffraktion-intro.md	1262	-	-	-	0	0	0	0	0	0	0	0	0	0	0	0	0	0	0	0	0	0	0	0	0	0	0	0	0
/input/intro-notes/StructureDefinition-mii-pr-icu-vent-positiv-endexpiratorischer-druck-intro.md	756	-	-	-	0	0	0	0	0	0	0	0	0	0	0	0	0	0	0	0	0	0	1	0	0	0	0	0	0
/input/intro-notes/StructureDefinition-mii-pr-icu-bilanz-einfuhr-muttermilch-intro.md	640	-	-	-	0	0	0	0	0	0	0	0	0	0	0	0	0	0	0	0	0	0	0	0	0	0	0	0	0
/input/intro-notes/StructureDefinition-mii-pr-icu-vent-spontanes-atemzugvolumen-intro.md	1227	-	-	-	0	0	0	0	0	0	0	0	0	0	0	0	0	0	0	0	0	0	0	0	0	0	0	0	0
/input/intro-notes/StructureDefinition-mii-pr-icu-bilanz-ausfuhr-gallenfluessigkeit-intro.md	711	-	-	-	0	0	0	0	0	0	0	0	0	0	0	0	0	0	0	0	0	0	0	0	0	0	0	0	0
/input/intro-notes/StructureDefinition-mii-pr-icu-vent-zeitverhaeltnis-ein-ausatmung-intro.md	748	-	-	-	0	0	0	0	0	0	0	0	0	0	0	0	0	0	0	0	0	0	0	0	0	0	0	0	0
/input/intro-notes/StructureDefinition-mii-pr-icu-vent-beatmungszeit-hohem-druck-intro.md	746	-	-	-	0	0	0	0	0	0	0	0	0	0	0	0	0	0	0	0	0	0	1	0	0	0	0	0	0
/input/intro-notes/StructureDefinition-mii-pr-icu-bilanz-ausfuhr-blutverlust-intro.md	1172	-	-	-	0	0	0	0	0	0	0	0	0	0	0	0	0	0	0	0	0	0	0	0	0	0	0	0	0
/input/intro-notes/StructureDefinition-mii-pr-icu-ect-venoeser-druck-intro.md	1204	-	-	-	0	0	0	0	0	0	0	0	0	0	0	0	0	0	0	0	0	0	0	0	0	0	0	0	0
/input/intro-notes/StructureDefinition-mii-pr-icu-vent-exspiratorischer-sauerstoffpartialdruck-intro.md	748	-	-	-	0	0	0	0	0	0	0	0	0	0	0	0	0	0	0	0	0	0	0	0	0	0	0	0	0
/input/intro-notes/StructureDefinition-mii-pr-icu-vent-atemzugvolumen-waehrend-beatmung-intro.md	742	-	-	-	0	0	0	0	0	0	0	0	0	0	0	0	0	0	0	0	0	0	0	0	0	0	0	0	0
/input/intro-notes/StructureDefinition-mii-pr-icu-vent-horowitz-in-arteriellem-blut-intro.md	732	-	-	-	0	0	0	0	0	0	0	0	0	0	0	0	0	0	0	0	0	0	1	0	0	0	0	0	0
/input/intro-notes/StructureDefinition-mii-pr-icu-bilanz-einfuhr-abgepumpte-muttermilch-intro.md	652	-	-	-	0	0	0	0	0	0	0	0	0	0	0	0	0	0	0	0	0	0	0	0	0	0	0	0	0
/input/intro-notes/StructureDefinition-mii-pr-icu-vent-inspiratorischer-gasfluss-intro.md	722	-	-	-	0	0	0	0	0	0	0	0	0	0	0	0	0	0	0	0	0	0	0	0	0	0	0	0	0
/input/intro-notes/StructureDefinition-mii-pr-icu-bilanz-intro.md	406	-	-	-	0	0	0	0	0	0	0	0	0	0	0	0	0	0	0	0	0	0	0	0	0	0	0	0	0
/input/intro-notes/StructureDefinition-mii-pr-icu-vent-atemwegsdruck-mittlerem-expiratorischem-gasfluss-intro.md	1302	-	-	-	0	0	0	0	0	0	0	0	0	0	0	0	0	0	0	0	0	0	0	0	0	0	0	0	0
/input/intro-notes/StructureDefinition-mii-pr-icu-muv-arterieller-blutdruck-intro.md	974	-	-	-	0	0	0	0	0	0	0	0	0	0	0	0	0	0	0	0	0	0	1	0	0	0	0	0	0
/input/intro-notes/StructureDefinition-mii-pr-icu-ect-blutflussindex-extrakorporaler-gasaustausch-intro.md	849	-	-	-	0	0	0	0	0	0	0	0	0	0	0	0	0	0	0	0	0	0	0	0	0	0	0	0	0
/input/intro-notes/StructureDefinition-mii-pr-icu-bilanz-ausfuhr-op-drainage-intro.md	1173	-	-	-	0	0	0	0	0	0	0	0	0	0	0	0	0	0	0	0	0	0	0	0	0	0	0	0	0
/input/intro-notes/StructureDefinition-mii-pr-icu-vent-beatmungszeit-niedrigem-druck-intro.md	744	-	-	-	0	0	0	0	0	0	0	0	0	0	0	0	0	0	0	0	0	0	0	0	0	0	0	0	0
/input/intro-notes/StructureDefinition-mii-pr-icu-bilanz-ausfuhr-urin-intro.md	701	-	-	-	0	0	0	0	0	0	0	0	0	0	0	0	0	0	0	0	0	0	0	0	0	0	0	0	0
/input/intro-notes/StructureDefinition-mii-pr-icu-vent-mechanische-atemfrequenz-beatmet-intro.md	764	-	-	-	0	0	0	0	0	0	0	0	0	0	0	0	0	0	0	0	0	0	1	0	0	0	0	0	0
/input/intro-notes/StructureDefinition-mii-pr-icu-bilanz-einfuhr-fluessigkeit-gesamt-intro.md	715	-	-	-	0	0	0	0	0	0	0	0	0	0	0	0	0	0	0	0	0	0	0	0	0	0	0	0	0
/input/intro-notes/StructureDefinition-mii-pr-icu-ect-gasfluss-intro.md	791	-	-	-	0	0	0	0	0	0	0	0	0	0	0	0	0	0	0	0	0	0	0	0	0	0	0	0	0
/input/intro-notes/StructureDefinition-mii-pr-icu-bilanz-ausfuhr-stuhlgang-intro.md	711	-	-	-	0	0	0	0	0	0	0	0	0	0	0	0	0	0	0	0	0	0	0	0	0	0	0	0	0
/input/intro-notes/StructureDefinition-mii-pr-icu-vent-maximaler-beatmungsdruck-intro.md	736	-	-	-	0	0	0	0	0	0	0	0	0	0	0	0	0	0	0	0	0	0	1	0	0	0	0	0	0
/input/intro-notes/StructureDefinition-mii-pr-icu-bilanz-einfuhr-enterale-fluessigkeit-intro.md	747	-	-	-	0	0	0	0	0	0	0	0	0	0	0	0	0	0	0	0	0	0	0	0	0	0	0	0	0
/input/intro-notes/StructureDefinition-mii-pr-icu-ect-substituatvolumen-intro.md	797	-	-	-	0	0	0	0	0	0	0	0	0	0	0	0	0	0	0	0	0	0	0	0	0	0	0	0	0
/input/intro-notes/StructureDefinition-mii-pr-icu-ect-dauer-extrakorporaler-gasaustausch-intro.md	839	-	-	-	0	0	0	0	0	0	0	0	0	0	0	0	0	0	0	0	0	0	0	0	0	0	0	0	0
/input/intro-notes/StructureDefinition-mii-pr-icu-vent-einstellung-ausatmungszeit-beatmung-intro.md	752	-	-	-	0	0	0	0	0	0	0	0	0	0	0	0	0	0	0	0	0	0	0	0	0	0	0	0	0
/input/intro-notes/StructureDefinition-mii-pr-icu-vent-beatmungsvolumen-min-maschineller-beatmung-intro.md	760	-	-	-	0	0	0	0	0	0	0	0	0	0	0	0	0	0	0	0	0	0	1	0	0	0	0	0	0
/input/intro-notes/StructureDefinition-mii-pr-icu-vent-spontane-mechanische-atemfrequenz-beatmet-intro.md	788	-	-	-	0	0	0	0	0	0	0	0	0	0	0	0	0	0	0	0	0	0	0	0	0	0	0	0	0
/input/intro-notes/StructureDefinition-mii-pr-icu-vent-spontanes-plus-mechanisches-atemzugvolumen-intro.md	1302	-	-	-	0	0	0	0	0	0	0	0	0	0	0	0	0	0	0	0	0	0	0	0	0	0	0	0	0
/input/intro-notes/StructureDefinition-mii-pr-icu-ect-haemodialyse-blutfluss-intro.md	807	-	-	-	0	0	0	0	0	0	0	0	0	0	0	0	0	0	0	0	0	0	0	0	0	0	0	0	0
/input/intro-notes/StructureDefinition-mii-pr-icu-ect-blutfluss-extrakorporaler-gasaustausch-intro.md	837	-	-	-	0	0	0	0	0	0	0	0	0	0	0	0	0	0	0	0	0	0	1	0	0	0	0	0	0
/input/intro-notes/StructureDefinition-mii-pr-icu-vent-mittlerer-beatmungsdruck-intro.md	730	-	-	-	0	0	0	0	0	0	0	0	0	0	0	0	0	0	0	0	0	0	0	0	0	0	0	0	0
/input/intro-notes/StructureDefinition-mii-pr-icu-bilanz-ausfuhr-haemofiltration-einzelmesswerte-intro.md	799	-	-	-	0	0	0	0	0	0	0	0	0	0	0	0	0	0	0	0	0	0	0	0	0	0	0	0	0
/input/intro-notes/StructureDefinition-mii-pr-icu-dm-eingestellte-gemessene-parameter-beatmung-intro.md	2233	-	-	-	0	0	0	0	0	0	0	0	0	0	0	0	0	0	0	0	0	0	0	0	0	0	0	0	0
/input/intro-notes/StructureDefinition-mii-pr-icu-bilanz-ausfuhr-wunddrainage-intro.md	711	-	-	-	0	0	0	0	0	0	0	0	0	0	0	0	0	0	0	0	0	0	0	0	0	0	0	0	0
/input/intro-notes/StructureDefinition-mii-pr-icu-muv-kopfumfang-intro.md	816	-	-	-	0	0	0	0	0	0	0	0	0	0	0	0	0	0	0	0	0	0	1	0	0	0	0	0	0
/input/intro-notes/StructureDefinition-mii-pr-icu-beatmung-intro.md	810	-	-	-	0	0	0	0	0	0	0	0	0	0	0	0	0	0	0	0	0	0	0	0	0	0	0	0	0
/input/intro-notes/StructureDefinition-mii-pr-icu-dm-eingest-gem-parameter-extrakorporale-verfahren-intro.md	2258	-	-	-	0	0	0	0	0	0	0	0	0	0	0	0	0	0	0	0	0	0	0	0	0	0	0	0	0
/input/intro-notes/StructureDefinition-mii-pr-icu-bilanz-ausfuhr-magensonde-intro.md	715	-	-	-	0	0	0	0	0	0	0	0	0	0	0	0	0	0	0	0	0	0	0	0	0	0	0	0	0
/input/intro-notes/StructureDefinition-mii-pr-icu-extrakorporales-verfahren-intro.md	1020	-	-	-	0	0	0	0	0	0	0	0	0	0	0	0	0	0	0	0	0	0	0	0	0	0	0	0	0
/input/intro-notes/StructureDefinition-mii-pr-icu-ect-substituatfluss-intro.md	793	-	-	-	0	0	0	0	0	0	0	0	0	0	0	0	0	0	0	0	0	0	1	0	0	0	0	0	0
/input/intro-notes/StructureDefinition-mii-pr-icu-vent-endexpiratorischer-kohlendioxidpartialdruck-intro.md	1304	-	-	-	0	0	0	0	0	0	0	0	0	0	0	0	0	0	0	0	0	0	0	0	0	0	0	0	0
/input/intro-notes/StructureDefinition-mii-pr-icu-bilanz-ausfuhr-drainage-generisch-intro.md	723	-	-	-	0	0	0	0	0	0	0	0	0	0	0	0	0	0	0	0	0	0	0	0	0	0	0	0	0
/input/intro-notes/StructureDefinition-mii-pr-icu-ect-blutfluss-cardiovasculaeres-geraet-intro.md	841	-	-	-	0	0	0	0	0	0	0	0	0	0	0	0	0	0	0	0	0	0	0	0	0	0	0	0	0
/input/intro-notes/StructureDefinition-mii-pr-icu-vent-atemzugvolumen-einstellung-intro.md	742	-	-	-	0	0	0	0	0	0	0	0	0	0	0	0	0	0	0	0	0	0	0	0	0	0	0	0	0
/input/intro-notes/StructureDefinition-mii-pr-icu-vent-dynamische-kompliance-intro.md	716	-	-	-	0	0	0	0	0	0	0	0	0	0	0	0	0	0	0	0	0	0	1	0	0	0	0	0	0
/template/config	0	-	-	-	0	0	0	0	0	0	0	0	0	0	0	0	0	0	0	0	0	0	0	0	0	0	0	0	0
/template/config/_config.yml	140	-	-	-	0	0	0	0	0	0	0	0	0	0	0	0	0	0	0	0	0	0	0	0	0	0	0	0	0
/input/images	0	-	-	-	0	0	0	0	0	0	0	0	0	0	0	0	0	0	0	0	0	0	0	0	0	0	0	0	0
/input/images/devices-statisch-b91929487b.png	48471	-	-	-	0	0	0	0	0	0	0	0	0	0	0	0	0	0	0	0	0	0	0	0	0	0	0	0	0
/input/images/devices-dynamisch-gerate-modelliert-fc6ffe20c2.png	47786	-	-	-	0	0	0	0	0	0	0	0	0	0	0	0	0	0	0	0	0	0	0	0	0	0	0	0	0
/input/images/einordnung-der-datenarten-d84f634efc.png	14988	-	-	-	0	0	0	0	0	0	0	0	0	0	0	0	0	0	0	0	0	0	1	0	0	0	0	0	0
/input/images/uml-7616e80bb8.png	273353	-	-	-	0	0	0	0	0	0	0	0	0	0	0	0	0	0	0	0	0	0	0	0	0	0	0	0	0
/input/images/eingestellte-und-gemessene-parameter-d3ce9f15c4.png	24046	-	-	-	0	0	0	0	0	0	0	0	0	0	0	0	0	0	0	0	0	0	0	0	0	0	0	0	0
/temp/pages/_includes/artifacts.xml	186337	-	-	-	-	-	-	-	-	-	-	-	-	-	-	-	-	-	-	-	-	-	6	0	0	0	0	0	0
