url	status	kind	reason	file	src_text_chars	md_text_chars	missing_runs	title
https://simplifier.net/guide/MIIIGIntensivmedizin-DE/MIIIGModulICU?version=current	harvested	narrative		migration-log/guide-harvest/pagecontent/index.md	2416	4164	0	Kerndatensatzmodul Intensivmedizin
https://simplifier.net/guide/MIIIGIntensivmedizin-DE/MIIIGModulICU/BeschreibungModul.page.md?version=current	harvested	narrative		migration-log/guide-harvest/pagecontent/beschreibungmodul.page.md.md	4872	68871	0	Beschreibung Modul
https://simplifier.net/guide/MIIIGIntensivmedizin-DE/MIIIGModulICU/KontextimGesamtprojektBezgezuanderenModulen.page.md?version=current	harvested	narrative		migration-log/guide-harvest/pagecontent/kontextimgesamtprojektbezgezuanderenmodulen.page.md.md	1749	1768	0	Kontext im Gesamtprojekt / Bezüge zu anderen Modulen
https://simplifier.net/guide/MIIIGIntensivmedizin-DE/MIIIGModulICU/Referenzen.page.md?version=current	harvested	narrative		migration-log/guide-harvest/pagecontent/referenzen.page.md.md	550	663	0	Referenzen
https://simplifier.net/guide/MIIIGIntensivmedizin-DE/MIIIGModulICU/Release-Notes.page.md?version=current	harvested	narrative		migration-log/guide-harvest/pagecontent/release-notes.page.md.md	1234	1313	0	Release Notes
https://simplifier.net/guide/MIIIGIntensivmedizin-DE/MIIIGModulICU/AnwendungsflleInformationsmodell?version=current	harvested	narrative		migration-log/guide-harvest/pagecontent/anwendungsflleinformationsmodell.md	81	84	0	Anwendungsfälle / Informationsmodell
https://simplifier.net/guide/MIIIGIntensivmedizin-DE/MIIIGModulICU/AnwendungsflleInformationsmodell/BeschreibungvonSzenarienfrdieAnwendungderModule.page.md?version=current	harvested	narrative		migration-log/guide-harvest/pagecontent/anwendungsflleinformationsmodell-beschreibungvonszenarienfrdieanwendungdermodule.page.md.md	1117	1330	0	Beschreibung von Szenarien für die Anwendung der Module
https://simplifier.net/guide/MIIIGIntensivmedizin-DE/MIIIGModulICU/AnwendungsflleInformationsmodell/Datenstzeinkl.Beschreibungen.page.md?version=current	harvested	artefact-view		migration-log/guide-harvest/pagecontent/anwendungsflleinformationsmodell-datenstzeinkl.beschreibungen.page.md.md	86370	112840	0	Datensätze inkl. Beschreibungen
https://simplifier.net/guide/MIIIGIntensivmedizin-DE/MIIIGModulICU/AnwendungsflleInformationsmodell/UML.page.md?version=current	harvested	narrative		migration-log/guide-harvest/pagecontent/anwendungsflleinformationsmodell-uml.page.md.md	7	364510	0	UML
https://simplifier.net/guide/MIIIGIntensivmedizin-DE/MIIIGModulICU/TechnischeImplementierung?version=current	harvested	narrative		migration-log/guide-harvest/pagecontent/technischeimplementierung.md	71	74	0	Technische Implementierung
https://simplifier.net/guide/MIIIGIntensivmedizin-DE/MIIIGModulICU/TechnischeImplementierung/Kompatibilit-t.page.md?version=current	harvested	narrative		migration-log/guide-harvest/pagecontent/technischeimplementierung-kompatibilit-t.page.md.md	1614	1839	0	Kompatibilität
https://simplifier.net/guide/MIIIGIntensivmedizin-DE/MIIIGModulICU/TechnischeImplementierung/FHIR-Profile?version=current	harvested	narrative		migration-log/guide-harvest/pagecontent/technischeimplementierung-fhir-profile.md	1393	3431	0	FHIR-Profile
https://simplifier.net/guide/MIIIGIntensivmedizin-DE/MIIIGModulICU/TechnischeImplementierung/FHIR-Profile/Ger-teinformationen.page.md?version=current	harvested	narrative		migration-log/guide-harvest/pagecontent/technischeimplementierung-fhir-profile-ger-teinformationen.page.md.md	2841	131980	0	Geräteinformationen
https://simplifier.net/guide/MIIIGIntensivmedizin-DE/MIIIGModulICU/TechnischeImplementierung/FHIR-Profile/ParametervonextrakorporalenVerfahren?version=current	harvested	narrative		migration-log/guide-harvest/pagecontent/technischeimplementierung-fhir-profile-parametervonextrakorporalenverfahren.md	39	44	0	Parameter von extrakorporalen Verfahren
https://simplifier.net/guide/MIIIGIntensivmedizin-DE/MIIIGModulICU/TechnischeImplementierung/FHIR-Profile/ParametervonextrakorporalenVerfahren/ExtrakorporaleVerfahrenProcedure-duplicate-2.page.md?version=current	harvested	artefact-view		migration-log/guide-harvest/pagecontent/technischeimplementierung-fhir-profile-parametervonextrakorporalenverfahren-extrakorporaleverfahrenprocedure-duplicate-2.page.md.md	238864	335300	20	Extrakorporale Verfahren (Procedure)
https://simplifier.net/guide/MIIIGIntensivmedizin-DE/MIIIGModulICU/TechnischeImplementierung/FHIR-Profile/ParametervonextrakorporalenVerfahren/EingestellteundgemesseneParameterDeviceMetric.page.md?version=current	harvested	artefact-view		migration-log/guide-harvest/pagecontent/technischeimplementierung-fhir-profile-parametervonextrakorporalenverfahren-eingestellteundgemesseneparameterdevicemetric.page.md.md	80039	105915	4	Eingestellte und gemessene Parameter (DeviceMetric)
https://simplifier.net/guide/MIIIGIntensivmedizin-DE/MIIIGModulICU/TechnischeImplementierung/FHIR-Profile/ParametervonextrakorporalenVerfahren/ParametervonextrakorporalenVerfahrenObservation?version=current	harvested	artefact-view		migration-log/guide-harvest/pagecontent/technischeimplementierung-fhir-profile-parametervonextrakorporalenverfahren-parametervonextrakorporalenverfahrenobservation.md	231278	318961	8	Parameter von extrakorporalen Verfahren (Observation)
https://simplifier.net/guide/MIIIGIntensivmedizin-DE/MIIIGModulICU/TechnischeImplementierung/FHIR-Profile/ParametervonextrakorporalenVerfahren/ParametervonextrakorporalenVerfahrenObservation/BlutflussdurchcardiovasculresGertObservation.page.md?version=current	harvested	artefact-view		migration-log/guide-harvest/pagecontent/technischeimplementierung-fhir-profile-parametervonextrakorporalenverfahren-parametervonextrakorporalenverfahrenobservation-blutflussdurchcardiovasculresgertobservation.page.md.md	204077	300795	10	Blutfluss durch cardiovasculäres Gerät (Observation)
https://simplifier.net/guide/MIIIGIntensivmedizin-DE/MIIIGModulICU/TechnischeImplementierung/FHIR-Profile/ParametervonextrakorporalenVerfahren/ParametervonextrakorporalenVerfahrenObservation/IonisiertesKalziumausNierenersatzverfahrenObservation.page.md?version=current	harvested	artefact-view		migration-log/guide-harvest/pagecontent/technischeimplementierung-fhir-profile-parametervonextrakorporalenverfahren-parametervonextrakorporalenverfahrenobservation-ionisierteskalziumausnierenersatzverfahrenobservation.page.md.md	203129	292134	10	Ionisiertes Kalzium aus Nierenersatzverfahren (Observation)
https://simplifier.net/guide/MIIIGIntensivmedizin-DE/MIIIGModulICU/TechnischeImplementierung/FHIR-Profile/ParametervonextrakorporalenVerfahren/ParametervonextrakorporalenVerfahrenObservation/Gasfluss-Observation.page.md?version=current	harvested	artefact-view		migration-log/guide-harvest/pagecontent/technischeimplementierung-fhir-profile-parametervonextrakorporalenverfahren-parametervonextrakorporalenverfahrenobservation-gasfluss-observation.page.md.md	216661	309379	14	Gasfluss (Observation)
https://simplifier.net/guide/MIIIGIntensivmedizin-DE/MIIIGModulICU/TechnischeImplementierung/FHIR-Profile/ParametervonextrakorporalenVerfahren/ParametervonextrakorporalenVerfahrenObservation/DauerHmodialysesitzungObservation.page.md?version=current	harvested	artefact-view		migration-log/guide-harvest/pagecontent/technischeimplementierung-fhir-profile-parametervonextrakorporalenverfahren-parametervonextrakorporalenverfahrenobservation-dauerhmodialysesitzungobservation.page.md.md	202577	291297	10	Dauer Hämodialysesitzung (Observation)
https://simplifier.net/guide/MIIIGIntensivmedizin-DE/MIIIGModulICU/TechnischeImplementierung/FHIR-Profile/ParametervonextrakorporalenVerfahren/ParametervonextrakorporalenVerfahrenObservation/HmodialyseBlutflussObservation.page.md?version=current	harvested	artefact-view		migration-log/guide-harvest/pagecontent/technischeimplementierung-fhir-profile-parametervonextrakorporalenverfahren-parametervonextrakorporalenverfahrenobservation-hmodialyseblutflussobservation.page.md.md	203868	299356	10	Hämodialyse Blutfluss (Observation)
https://simplifier.net/guide/MIIIGIntensivmedizin-DE/MIIIGModulICU/TechnischeImplementierung/FHIR-Profile/ParametervonextrakorporalenVerfahren/ParametervonextrakorporalenVerfahrenObservation/SubstituatflussObservation.page.md?version=current	harvested	artefact-view		migration-log/guide-harvest/pagecontent/technischeimplementierung-fhir-profile-parametervonextrakorporalenverfahren-parametervonextrakorporalenverfahrenobservation-substituatflussobservation.page.md.md	202528	290932	10	Substituatfluss (Observation)
https://simplifier.net/guide/MIIIGIntensivmedizin-DE/MIIIGModulICU/TechnischeImplementierung/FHIR-Profile/ParametervonextrakorporalenVerfahren/ParametervonextrakorporalenVerfahrenObservation/SubstituatvolumenObservation.page.md?version=current	harvested	artefact-view		migration-log/guide-harvest/pagecontent/technischeimplementierung-fhir-profile-parametervonextrakorporalenverfahren-parametervonextrakorporalenverfahrenobservation-substituatvolumenobservation.page.md.md	202520	290988	10	Substituatvolumen (Observation)
https://simplifier.net/guide/MIIIGIntensivmedizin-DE/MIIIGModulICU/TechnischeImplementierung/FHIR-Profile/ParametervonextrakorporalenVerfahren/ParametervonextrakorporalenVerfahrenObservation/Dauer-extrakorporaler-Gasaustausch-Observation.page.md?version=current	harvested	artefact-view		migration-log/guide-harvest/pagecontent/technischeimplementierung-fhir-profile-parametervonextrakorporalenverfahren-parametervonextrakorporalenverfahrenobservation-dauer-extrakorporaler-gasaustausch-observation.page.md.md	202637	291655	10	Dauer extrakorporaler Gasaustausch (Observation)
https://simplifier.net/guide/MIIIGIntensivmedizin-DE/MIIIGModulICU/TechnischeImplementierung/FHIR-Profile/ParametervonextrakorporalenVerfahren/ParametervonextrakorporalenVerfahrenObservation/BlutflussextrakorporalerGasaustauschObservation.page.md?version=current	harvested	artefact-view		migration-log/guide-harvest/pagecontent/technischeimplementierung-fhir-profile-parametervonextrakorporalenverfahren-parametervonextrakorporalenverfahrenobservation-blutflussextrakorporalergasaustauschobservation.page.md.md	203997	300481	10	Blutfluss extrakorporaler Gasaustausch (Observation)
https://simplifier.net/guide/MIIIGIntensivmedizin-DE/MIIIGModulICU/TechnischeImplementierung/FHIR-Profile/ParametervonextrakorporalenVerfahren/ParametervonextrakorporalenVerfahrenObservation/BlutflussindexextrakorporalerGasaustauschObservation.page.md?version=current	harvested	artefact-view		migration-log/guide-harvest/pagecontent/technischeimplementierung-fhir-profile-parametervonextrakorporalenverfahren-parametervonextrakorporalenverfahrenobservation-blutflussindexextrakorporalergasaustauschobservation.page.md.md	204069	300863	10	Blutflussindex extrakorporaler Gasaustausch (Observation)
https://simplifier.net/guide/MIIIGIntensivmedizin-DE/MIIIGModulICU/TechnischeImplementierung/FHIR-Profile/ParametervonextrakorporalenVerfahren/ParametervonextrakorporalenVerfahrenObservation/VenserDruckObservation.page.md?version=current	harvested	artefact-view		migration-log/guide-harvest/pagecontent/technischeimplementierung-fhir-profile-parametervonextrakorporalenverfahren-parametervonextrakorporalenverfahrenobservation-venserdruckobservation.page.md.md	202921	291299	10	Venöser Druck (Observation)
https://simplifier.net/guide/MIIIGIntensivmedizin-DE/MIIIGModulICU/TechnischeImplementierung/FHIR-Profile/ParametervonextrakorporalenVerfahren/ParametervonextrakorporalenVerfahrenObservation/ArteriellerDruckObservation.page.md?version=current	harvested	artefact-view		migration-log/guide-harvest/pagecontent/technischeimplementierung-fhir-profile-parametervonextrakorporalenverfahren-parametervonextrakorporalenverfahrenobservation-arteriellerdruckobservation.page.md.md	202956	291434	10	Arterieller Druck (Observation)
https://simplifier.net/guide/MIIIGIntensivmedizin-DE/MIIIGModulICU/TechnischeImplementierung/FHIR-Profile/Beatmungswerte?version=current	harvested	narrative		migration-log/guide-harvest/pagecontent/technischeimplementierung-fhir-profile-beatmungswerte.md	14	19	0	Beatmungswerte
https://simplifier.net/guide/MIIIGIntensivmedizin-DE/MIIIGModulICU/TechnischeImplementierung/FHIR-Profile/Beatmungswerte/BeatmungProcedure.page.md?version=current	harvested	artefact-view		migration-log/guide-harvest/pagecontent/technischeimplementierung-fhir-profile-beatmungswerte-beatmungprocedure.page.md.md	232058	324840	20	Beatmung (Procedure)
https://simplifier.net/guide/MIIIGIntensivmedizin-DE/MIIIGModulICU/TechnischeImplementierung/FHIR-Profile/Beatmungswerte/EingestellteundgemesseneParameterDeviceMetric-duplicate-2.page.md?version=current	harvested	artefact-view		migration-log/guide-harvest/pagecontent/technischeimplementierung-fhir-profile-beatmungswerte-eingestellteundgemesseneparameterdevicemetric-duplicate-2.page.md.md	79786	105562	4	Eingestellte und gemessene Parameter (DeviceMetric)
https://simplifier.net/guide/MIIIGIntensivmedizin-DE/MIIIGModulICU/TechnischeImplementierung/FHIR-Profile/Beatmungswerte/ParametervonBeatmungObservation?version=current	harvested	artefact-view		migration-log/guide-harvest/pagecontent/technischeimplementierung-fhir-profile-beatmungswerte-parametervonbeatmungobservation.md	227224	313651	6	Parameter von Beatmung (Observation)
https://simplifier.net/guide/MIIIGIntensivmedizin-DE/MIIIGModulICU/TechnischeImplementierung/FHIR-Profile/Beatmungswerte/ParametervonBeatmungObservation/UntersttzungsdruckBeatmungObservation.page.md?version=current	harvested	artefact-view		migration-log/guide-harvest/pagecontent/technischeimplementierung-fhir-profile-beatmungswerte-parametervonbeatmungobservation-untersttzungsdruckbeatmungobservation.page.md.md	225578	319575	6	Unterstützungsdruck Beatmung (Observation)
https://simplifier.net/guide/MIIIGIntensivmedizin-DE/MIIIGModulICU/TechnischeImplementierung/FHIR-Profile/Beatmungswerte/ParametervonBeatmungObservation/EndexpiratorischerKohlendioxidpartialdruckObservation.page.md?version=current	harvested	artefact-view		migration-log/guide-harvest/pagecontent/technischeimplementierung-fhir-profile-beatmungswerte-parametervonbeatmungobservation-endexpiratorischerkohlendioxidpartialdruckobservation.page.md.md	2482	2510	0	Endexpiratorischer Kohlendioxidpartialdruck (Observation)
https://simplifier.net/guide/MIIIGIntensivmedizin-DE/MIIIGModulICU/TechnischeImplementierung/FHIR-Profile/Beatmungswerte/ParametervonBeatmungObservation/AtemwegsdruckbeinullexpiratorischemGasflussObs.page.md?version=current	harvested	artefact-view		migration-log/guide-harvest/pagecontent/technischeimplementierung-fhir-profile-beatmungswerte-parametervonbeatmungobservation-atemwegsdruckbeinullexpiratorischemgasflussobs.page.md.md	3333	3269	0	Atemwegsdruck bei null expiratorischem Gasfluss (Obs)
https://simplifier.net/guide/MIIIGIntensivmedizin-DE/MIIIGModulICU/TechnischeImplementierung/FHIR-Profile/Beatmungswerte/ParametervonBeatmungObservation/AtemwegsdruckbeimittleremexpiratorischemGasflussObs.page.md?version=current	harvested	artefact-view		migration-log/guide-harvest/pagecontent/technischeimplementierung-fhir-profile-beatmungswerte-parametervonbeatmungobservation-atemwegsdruckbeimittleremexpiratorischemgasflussobs.page.md.md	2110	2178	0	Atemwegsdruck bei mittlerem expiratorischem Gasfluss (Obs)
https://simplifier.net/guide/MIIIGIntensivmedizin-DE/MIIIGModulICU/TechnischeImplementierung/FHIR-Profile/Beatmungswerte/ParametervonBeatmungObservation/DruckdifferenzBeatmungObservation.page.md?version=current	harvested	artefact-view		migration-log/guide-harvest/pagecontent/technischeimplementierung-fhir-profile-beatmungswerte-parametervonbeatmungobservation-druckdifferenzbeatmungobservation.page.md.md	240230	338635	6	Druckdifferenz Beatmung (Observation)
https://simplifier.net/guide/MIIIGIntensivmedizin-DE/MIIIGModulICU/TechnischeImplementierung/FHIR-Profile/Beatmungswerte/ParametervonBeatmungObservation/PEEP-Positiv-endexpiratorischer-Druck-Observation.page.md?version=current	harvested	artefact-view		migration-log/guide-harvest/pagecontent/technischeimplementierung-fhir-profile-beatmungswerte-parametervonbeatmungobservation-peep-positiv-endexpiratorischer-druck-observation.page.md.md	256238	350844	8	PEEP - Positiv-endexpiratorischer Druck (Observation)
https://simplifier.net/guide/MIIIGIntensivmedizin-DE/MIIIGModulICU/TechnischeImplementierung/FHIR-Profile/Beatmungswerte/ParametervonBeatmungObservation/DynamischeKomplianceObservation.page.md?version=current	harvested	artefact-view		migration-log/guide-harvest/pagecontent/technischeimplementierung-fhir-profile-beatmungswerte-parametervonbeatmungobservation-dynamischekomplianceobservation.page.md.md	254573	357726	8	Dynamische Kompliance (Observation)
https://simplifier.net/guide/MIIIGIntensivmedizin-DE/MIIIGModulICU/TechnischeImplementierung/FHIR-Profile/Beatmungswerte/ParametervonBeatmungObservation/MaximalerBeatmungsdruckObservation.page.md?version=current	harvested	artefact-view		migration-log/guide-harvest/pagecontent/technischeimplementierung-fhir-profile-beatmungswerte-parametervonbeatmungobservation-maximalerbeatmungsdruckobservation.page.md.md	256021	367639	8	Maximaler Beatmungsdruck (Observation)
https://simplifier.net/guide/MIIIGIntensivmedizin-DE/MIIIGModulICU/TechnischeImplementierung/FHIR-Profile/Beatmungswerte/ParametervonBeatmungObservation/MittlererBeatmungsdruckObservation.page.md?version=current	harvested	artefact-view		migration-log/guide-harvest/pagecontent/technischeimplementierung-fhir-profile-beatmungswerte-parametervonbeatmungobservation-mittlererbeatmungsdruckobservation.page.md.md	230815	335197	6	Mittlerer Beatmungsdruck (Observation)
https://simplifier.net/guide/MIIIGIntensivmedizin-DE/MIIIGModulICU/TechnischeImplementierung/FHIR-Profile/Beatmungswerte/ParametervonBeatmungObservation/ExspiratorischerSauerstoffpartialdruckObservation.page.md?version=current	harvested	artefact-view		migration-log/guide-harvest/pagecontent/technischeimplementierung-fhir-profile-beatmungswerte-parametervonbeatmungobservation-exspiratorischersauerstoffpartialdruckobservation.page.md.md	280146	391235	10	Exspiratorischer Sauerstoffpartialdruck (Observation)
https://simplifier.net/guide/MIIIGIntensivmedizin-DE/MIIIGModulICU/TechnischeImplementierung/FHIR-Profile/Beatmungswerte/ParametervonBeatmungObservation/Inspiratorische-Sauerstofffraktion-Observation.page.md?version=current	harvested	artefact-view		migration-log/guide-harvest/pagecontent/technischeimplementierung-fhir-profile-beatmungswerte-parametervonbeatmungobservation-inspiratorische-sauerstofffraktion-observation.page.md.md	252855	346915	0	Inspiratorische Sauerstofffraktion (Observation)
https://simplifier.net/guide/MIIIGIntensivmedizin-DE/MIIIGModulICU/TechnischeImplementierung/FHIR-Profile/Beatmungswerte/ParametervonBeatmungObservation/ExspiratorischerGasflussObservation.page.md?version=current	harvested	artefact-view		migration-log/guide-harvest/pagecontent/technischeimplementierung-fhir-profile-beatmungswerte-parametervonbeatmungobservation-exspiratorischergasflussobservation.page.md.md	240214	338679	6	Exspiratorischer Gasfluss (Observation)
https://simplifier.net/guide/MIIIGIntensivmedizin-DE/MIIIGModulICU/TechnischeImplementierung/FHIR-Profile/Beatmungswerte/ParametervonBeatmungObservation/InspiratorischerGasflussObservation.page.md?version=current	harvested	artefact-view		migration-log/guide-harvest/pagecontent/technischeimplementierung-fhir-profile-beatmungswerte-parametervonbeatmungobservation-inspiratorischergasflussobservation.page.md.md	239954	338415	6	Inspiratorischer Gasfluss (Observation)
https://simplifier.net/guide/MIIIGIntensivmedizin-DE/MIIIGModulICU/TechnischeImplementierung/FHIR-Profile/Beatmungswerte/ParametervonBeatmungObservation/EingestellterinspiratorischerGasflussObservation.page.md?version=current	harvested	artefact-view		migration-log/guide-harvest/pagecontent/technischeimplementierung-fhir-profile-beatmungswerte-parametervonbeatmungobservation-eingestellterinspiratorischergasflussobservation.page.md.md	225630	319931	6	Eingestellter inspiratorischer Gasfluss (Observation)
https://simplifier.net/guide/MIIIGIntensivmedizin-DE/MIIIGModulICU/TechnischeImplementierung/FHIR-Profile/Beatmungswerte/ParametervonBeatmungObservation/BeatmungszeitaufniedrigemDruckObservation.page.md?version=current	harvested	artefact-view		migration-log/guide-harvest/pagecontent/technischeimplementierung-fhir-profile-beatmungswerte-parametervonbeatmungobservation-beatmungszeitaufniedrigemdruckobservation.page.md.md	240082	338711	6	Beatmungszeit auf niedrigem Druck (Observation)
https://simplifier.net/guide/MIIIGIntensivmedizin-DE/MIIIGModulICU/TechnischeImplementierung/FHIR-Profile/Beatmungswerte/ParametervonBeatmungObservation/BeatmungszeitaufhohemDruckObservation.page.md?version=current	harvested	artefact-view		migration-log/guide-harvest/pagecontent/technischeimplementierung-fhir-profile-beatmungswerte-parametervonbeatmungobservation-beatmungszeitaufhohemdruckobservation.page.md.md	240072	338565	6	Beatmungszeit auf hohem Druck (Observation)
https://simplifier.net/guide/MIIIGIntensivmedizin-DE/MIIIGModulICU/TechnischeImplementierung/FHIR-Profile/Beatmungswerte/ParametervonBeatmungObservation/Spontanes-Plus-Mechanisches-Atemzugvolumen-Obs.page.md?version=current	harvested	artefact-view		migration-log/guide-harvest/pagecontent/technischeimplementierung-fhir-profile-beatmungswerte-parametervonbeatmungobservation-spontanes-plus-mechanisches-atemzugvolumen-obs.page.md.md	2072	2138	0	Spontanes-Plus-Mechanisches-Atemzugvolumen (Obs)
https://simplifier.net/guide/MIIIGIntensivmedizin-DE/MIIIGModulICU/TechnischeImplementierung/FHIR-Profile/Beatmungswerte/ParametervonBeatmungObservation/Beatmungsvolumen-Pro-Minute-Machineller-BeatmungObservation.page.md?version=current	harvested	artefact-view		migration-log/guide-harvest/pagecontent/technischeimplementierung-fhir-profile-beatmungswerte-parametervonbeatmungobservation-beatmungsvolumen-pro-minute-machineller-beatmungobservation.page.md.md	2415	2439	0	Beatmungsvolumen-Pro-Minute-Machineller-Beatmung (Observation)
https://simplifier.net/guide/MIIIGIntensivmedizin-DE/MIIIGModulICU/TechnischeImplementierung/FHIR-Profile/Beatmungswerte/ParametervonBeatmungObservation/Spontanes-AtemzugvolumenObservation.page.md?version=current	harvested	artefact-view		migration-log/guide-harvest/pagecontent/technischeimplementierung-fhir-profile-beatmungswerte-parametervonbeatmungobservation-spontanes-atemzugvolumenobservation.page.md.md	225769	320543	6	Spontanes-Atemzugvolumen (Observation)
https://simplifier.net/guide/MIIIGIntensivmedizin-DE/MIIIGModulICU/TechnischeImplementierung/FHIR-Profile/Beatmungswerte/ParametervonBeatmungObservation/Atemzugvolumen-Waehrend-BeatmungObservation.page.md?version=current	harvested	artefact-view		migration-log/guide-harvest/pagecontent/technischeimplementierung-fhir-profile-beatmungswerte-parametervonbeatmungobservation-atemzugvolumen-waehrend-beatmungobservation.page.md.md	254846	358411	8	Atemzugvolumen-Waehrend-Beatmung (Observation)
https://simplifier.net/guide/MIIIGIntensivmedizin-DE/MIIIGModulICU/TechnischeImplementierung/FHIR-Profile/Beatmungswerte/ParametervonBeatmungObservation/Atemzugvolumen-EinstellungObservation.page.md?version=current	harvested	artefact-view		migration-log/guide-harvest/pagecontent/technischeimplementierung-fhir-profile-beatmungswerte-parametervonbeatmungobservation-atemzugvolumen-einstellungobservation.page.md.md	254461	357812	8	Atemzugvolumen-Einstellung (Observation)
https://simplifier.net/guide/MIIIGIntensivmedizin-DE/MIIIGModulICU/TechnischeImplementierung/FHIR-Profile/Beatmungswerte/ParametervonBeatmungObservation/Zeitverhltnis-Ein-AusatmungObservation.page.md?version=current	harvested	artefact-view		migration-log/guide-harvest/pagecontent/technischeimplementierung-fhir-profile-beatmungswerte-parametervonbeatmungobservation-zeitverhltnis-ein-ausatmungobservation.page.md.md	254701	358148	8	Zeitverhältnis-Ein-Ausatmung (Observation)
https://simplifier.net/guide/MIIIGIntensivmedizin-DE/MIIIGModulICU/TechnischeImplementierung/FHIR-Profile/Beatmungswerte/ParametervonBeatmungObservation/Einstellung-Ausatmungszeit-BeatmungObservation.page.md?version=current	harvested	artefact-view		migration-log/guide-harvest/pagecontent/technischeimplementierung-fhir-profile-beatmungswerte-parametervonbeatmungobservation-einstellung-ausatmungszeit-beatmungobservation.page.md.md	240033	339086	8	Einstellung-Ausatmungszeit-Beatmung (Observation)
https://simplifier.net/guide/MIIIGIntensivmedizin-DE/MIIIGModulICU/TechnischeImplementierung/FHIR-Profile/Beatmungswerte/ParametervonBeatmungObservation/Einstellung-Einatmungszeit-BeatmungObservation.page.md?version=current	harvested	artefact-view		migration-log/guide-harvest/pagecontent/technischeimplementierung-fhir-profile-beatmungswerte-parametervonbeatmungobservation-einstellung-einatmungszeit-beatmungobservation.page.md.md	254482	358181	8	Einstellung-Einatmungszeit-Beatmung (Observation)
https://simplifier.net/guide/MIIIGIntensivmedizin-DE/MIIIGModulICU/TechnischeImplementierung/FHIR-Profile/Beatmungswerte/ParametervonBeatmungObservation/Spontane-Mechanische-Atemfrequenz-BeatmetObservation.page.md?version=current	harvested	artefact-view		migration-log/guide-harvest/pagecontent/technischeimplementierung-fhir-profile-beatmungswerte-parametervonbeatmungobservation-spontane-mechanische-atemfrequenz-beatmetobservation.page.md.md	255212	359121	8	Spontane-Mechanische-Atemfrequenz-Beatmet (Observation)
https://simplifier.net/guide/MIIIGIntensivmedizin-DE/MIIIGModulICU/TechnischeImplementierung/FHIR-Profile/Beatmungswerte/ParametervonBeatmungObservation/Spontane-Atemfrequenz-BeatmetObservation.page.md?version=current	harvested	artefact-view		migration-log/guide-harvest/pagecontent/technischeimplementierung-fhir-profile-beatmungswerte-parametervonbeatmungobservation-spontane-atemfrequenz-beatmetobservation.page.md.md	241416	340259	6	Spontane-Atemfrequenz-Beatmet (Observation)
https://simplifier.net/guide/MIIIGIntensivmedizin-DE/MIIIGModulICU/TechnischeImplementierung/FHIR-Profile/Beatmungswerte/ParametervonBeatmungObservation/Mechanische-Atemfrequenz-BeatmetObservation.page.md?version=current	harvested	artefact-view		migration-log/guide-harvest/pagecontent/technischeimplementierung-fhir-profile-beatmungswerte-parametervonbeatmungobservation-mechanische-atemfrequenz-beatmetobservation.page.md.md	254655	358220	8	Mechanische-Atemfrequenz-Beatmet (Observation)
https://simplifier.net/guide/MIIIGIntensivmedizin-DE/MIIIGModulICU/TechnischeImplementierung/FHIR-Profile/Beatmungswerte/ParametervonBeatmungObservation/Horowitz-In-Arteriellem-BlutObservation.page.md?version=current	harvested	artefact-view		migration-log/guide-harvest/pagecontent/technischeimplementierung-fhir-profile-beatmungswerte-parametervonbeatmungobservation-horowitz-in-arteriellem-blutobservation.page.md.md	265887	371710	8	Horowitz-In-Arteriellem-Blut (Observation)
https://simplifier.net/guide/MIIIGIntensivmedizin-DE/MIIIGModulICU/TechnischeImplementierung/FHIR-Profile/MonitoringundVitaldaten?version=current	harvested	narrative		migration-log/guide-harvest/pagecontent/technischeimplementierung-fhir-profile-monitoringundvitaldaten.md	25	30	0	Monitoring und Vitaldaten
https://simplifier.net/guide/MIIIGIntensivmedizin-DE/MIIIGModulICU/TechnischeImplementierung/FHIR-Profile/MonitoringundVitaldaten/MonitoringundVitaldatenObservation?version=current	harvested	artefact-view		migration-log/guide-harvest/pagecontent/technischeimplementierung-fhir-profile-monitoringundvitaldaten-monitoringundvitaldatenobservation.md	242811	332536	12	Monitoring und Vitaldaten (Observation)
https://simplifier.net/guide/MIIIGIntensivmedizin-DE/MIIIGModulICU/TechnischeImplementierung/FHIR-Profile/MonitoringundVitaldaten/MonitoringundVitaldatenObservation/AtemfrequenzObservation.page.md?version=current	harvested	artefact-view		migration-log/guide-harvest/pagecontent/technischeimplementierung-fhir-profile-monitoringundvitaldaten-monitoringundvitaldatenobservation-atemfrequenzobservation.page.md.md	226234	327033	8	Atemfrequenz (Observation)
https://simplifier.net/guide/MIIIGIntensivmedizin-DE/MIIIGModulICU/TechnischeImplementierung/FHIR-Profile/MonitoringundVitaldaten/MonitoringundVitaldatenObservation/KopfumfangObservation.page.md?version=current	harvested	artefact-view		migration-log/guide-harvest/pagecontent/technischeimplementierung-fhir-profile-monitoringundvitaldaten-monitoringundvitaldatenobservation-kopfumfangobservation.page.md.md	276221	390882	12	Kopfumfang (Observation)
https://simplifier.net/guide/MIIIGIntensivmedizin-DE/MIIIGModulICU/TechnischeImplementierung/FHIR-Profile/MonitoringundVitaldaten/MonitoringundVitaldatenObservation/IdealesKrpergewichtObservation.page.md?version=current	harvested	artefact-view		migration-log/guide-harvest/pagecontent/technischeimplementierung-fhir-profile-monitoringundvitaldaten-monitoringundvitaldatenobservation-idealeskrpergewichtobservation.page.md.md	244254	340683	12	Ideales Körpergewicht (Observation)
https://simplifier.net/guide/MIIIGIntensivmedizin-DE/MIIIGModulICU/TechnischeImplementierung/FHIR-Profile/MonitoringundVitaldaten/MonitoringundVitaldatenObservation/Sauerstoffsättigung-im-art.-Blut-durch-Pulsoxymetrie-Obs.page.md?version=current	harvested	artefact-view		migration-log/guide-harvest/pagecontent/technischeimplementierung-fhir-profile-monitoringundvitaldaten-monitoringundvitaldatenobservation-sauerstoffs-ttigung-im-art.-blut-durch-pulsoxymetrie-obs.page.md.md	283171	392475	4	Sauerstoffsättigung im art. Blut durch Pulsoxymetrie (Obs)
https://simplifier.net/guide/MIIIGIntensivmedizin-DE/MIIIGModulICU/TechnischeImplementierung/FHIR-Profile/MonitoringundVitaldaten/MonitoringundVitaldatenObservation/Linksventrikulaeres-Schlagvolumenindex-Observation.page.md?version=current	harvested	artefact-view		migration-log/guide-harvest/pagecontent/technischeimplementierung-fhir-profile-monitoringundvitaldaten-monitoringundvitaldatenobservation-linksventrikulaeres-schlagvolumenindex-observation.page.md.md	244448	340825	12	Linksventrikulaeres Schlagvolumenindex (Observation)
https://simplifier.net/guide/MIIIGIntensivmedizin-DE/MIIIGModulICU/TechnischeImplementierung/FHIR-Profile/MonitoringundVitaldaten/MonitoringundVitaldatenObservation/Linksventrikulaeres-Schlagvolumen-Observation.page.md?version=current	harvested	artefact-view		migration-log/guide-harvest/pagecontent/technischeimplementierung-fhir-profile-monitoringundvitaldaten-monitoringundvitaldatenobservation-linksventrikulaeres-schlagvolumen-observation.page.md.md	244416	341224	12	Linksventrikulaeres Schlagvolumen (Observation)
https://simplifier.net/guide/MIIIGIntensivmedizin-DE/MIIIGModulICU/TechnischeImplementierung/FHIR-Profile/MonitoringundVitaldaten/MonitoringundVitaldatenObservation/Linksv.SchlagvolumenindexdurchIndikatorverd.Observation.page.md?version=current	harvested	artefact-view		migration-log/guide-harvest/pagecontent/technischeimplementierung-fhir-profile-monitoringundvitaldaten-monitoringundvitaldatenobservation-linksv.schlagvolumenindexdurchindikatorverd.observation.page.md.md	216134	304233	14	Linksv. Schlagvolumenindex durch Indikatorverd. (Observation)
https://simplifier.net/guide/MIIIGIntensivmedizin-DE/MIIIGModulICU/TechnischeImplementierung/FHIR-Profile/MonitoringundVitaldaten/MonitoringundVitaldatenObservation/Linksv.SchlagvolumendurchIndikatorverdnnungObservation.page.md?version=current	harvested	artefact-view		migration-log/guide-harvest/pagecontent/technischeimplementierung-fhir-profile-monitoringundvitaldaten-monitoringundvitaldatenobservation-linksv.schlagvolumendurchindikatorverdnnungobservation.page.md.md	216029	304174	14	Linksv. Schlagvolumen durch Indikatorverdünnung (Observation)
https://simplifier.net/guide/MIIIGIntensivmedizin-DE/MIIIGModulICU/TechnischeImplementierung/FHIR-Profile/MonitoringundVitaldaten/MonitoringundVitaldatenObservation/PulmonalvaskulrerWiderstandsindexObservation.page.md?version=current	harvested	artefact-view		migration-log/guide-harvest/pagecontent/technischeimplementierung-fhir-profile-monitoringundvitaldaten-monitoringundvitaldatenobservation-pulmonalvaskulrerwiderstandsindexobservation.page.md.md	244463	341356	12	Pulmonalvaskulärer Widerstandsindex (Observation)
https://simplifier.net/guide/MIIIGIntensivmedizin-DE/MIIIGModulICU/TechnischeImplementierung/FHIR-Profile/MonitoringundVitaldaten/MonitoringundVitaldatenObservation/SystemischervaskulrerWiderstandsindexObservation.page.md?version=current	harvested	artefact-view		migration-log/guide-harvest/pagecontent/technischeimplementierung-fhir-profile-monitoringundvitaldaten-monitoringundvitaldatenobservation-systemischervaskulrerwiderstandsindexobservation.page.md.md	243768	340448	12	Systemischer vaskulärer Widerstandsindex (Observation)
https://simplifier.net/guide/MIIIGIntensivmedizin-DE/MIIIGModulICU/TechnischeImplementierung/FHIR-Profile/MonitoringundVitaldaten/MonitoringundVitaldatenObservation/LinksventrikulrerHerzindexObservation.page.md?version=current	harvested	artefact-view		migration-log/guide-harvest/pagecontent/technischeimplementierung-fhir-profile-monitoringundvitaldaten-monitoringundvitaldatenobservation-linksventrikulrerherzindexobservation.page.md.md	244388	341058	12	Linksventrikulärer Herzindex (Observation)
https://simplifier.net/guide/MIIIGIntensivmedizin-DE/MIIIGModulICU/TechnischeImplementierung/FHIR-Profile/MonitoringundVitaldaten/MonitoringundVitaldatenObservation/HerzzeitvolumenObservation.page.md?version=current	harvested	artefact-view		migration-log/guide-harvest/pagecontent/technischeimplementierung-fhir-profile-monitoringundvitaldaten-monitoringundvitaldatenobservation-herzzeitvolumenobservation.page.md.md	244045	340249	12	Herzzeitvolumen (Observation)
https://simplifier.net/guide/MIIIGIntensivmedizin-DE/MIIIGModulICU/TechnischeImplementierung/FHIR-Profile/MonitoringundVitaldaten/MonitoringundVitaldatenObservation/Linksv.HerzindexdurchIndikatorverdnnungObservation.page.md?version=current	harvested	artefact-view		migration-log/guide-harvest/pagecontent/technischeimplementierung-fhir-profile-monitoringundvitaldaten-monitoringundvitaldatenobservation-linksv.herzindexdurchindikatorverdnnungobservation.page.md.md	215821	303862	14	Linksv. Herzindex durch Indikatorverdünnung (Observation)
https://simplifier.net/guide/MIIIGIntensivmedizin-DE/MIIIGModulICU/TechnischeImplementierung/FHIR-Profile/MonitoringundVitaldaten/MonitoringundVitaldatenObservation/Linksv.HerzzeitvolumendurchIndikatorverdnnungObservation.page.md?version=current	harvested	artefact-view		migration-log/guide-harvest/pagecontent/technischeimplementierung-fhir-profile-monitoringundvitaldaten-monitoringundvitaldatenobservation-linksv.herzzeitvolumendurchindikatorverdnnungobservation.page.md.md	215847	303878	14	Linksv. Herzzeitvolumen durch Indikatorverdünnung (Observation)
https://simplifier.net/guide/MIIIGIntensivmedizin-DE/MIIIGModulICU/TechnischeImplementierung/FHIR-Profile/MonitoringundVitaldaten/MonitoringundVitaldatenObservation/HerzfrequenzObservation.page.md?version=current	harvested	artefact-view		migration-log/guide-harvest/pagecontent/technischeimplementierung-fhir-profile-monitoringundvitaldaten-monitoringundvitaldatenobservation-herzfrequenzobservation.page.md.md	244351	341712	12	Herzfrequenz (Observation)
https://simplifier.net/guide/MIIIGIntensivmedizin-DE/MIIIGModulICU/TechnischeImplementierung/FHIR-Profile/MonitoringundVitaldaten/MonitoringundVitaldatenObservation/Puls-Observation.page.md?version=current	harvested	artefact-view		migration-log/guide-harvest/pagecontent/technischeimplementierung-fhir-profile-monitoringundvitaldaten-monitoringundvitaldatenobservation-puls-observation.page.md.md	251985	349570	12	Puls (Observation)
https://simplifier.net/guide/MIIIGIntensivmedizin-DE/MIIIGModulICU/TechnischeImplementierung/FHIR-Profile/MonitoringundVitaldaten/MonitoringundVitaldatenObservation/PulmonalarteriellerwedgeBlutdruckObservation.page.md?version=current	harvested	artefact-view		migration-log/guide-harvest/pagecontent/technischeimplementierung-fhir-profile-monitoringundvitaldaten-monitoringundvitaldatenobservation-pulmonalarteriellerwedgeblutdruckobservation.page.md.md	244544	341300	12	Pulmonalarterieller wedge Blutdruck (Observation)
https://simplifier.net/guide/MIIIGIntensivmedizin-DE/MIIIGModulICU/TechnischeImplementierung/FHIR-Profile/MonitoringundVitaldaten/MonitoringundVitaldatenObservation/Zentralvenöser-Blutdruck-Observation.page.md?version=current	harvested	artefact-view		migration-log/guide-harvest/pagecontent/technischeimplementierung-fhir-profile-monitoringundvitaldaten-monitoringundvitaldatenobservation-zentralven-ser-blutdruck-observation.page.md.md	244474	341026	12	Zentralvenöser Blutdruck (Observation)
https://simplifier.net/guide/MIIIGIntensivmedizin-DE/MIIIGModulICU/TechnischeImplementierung/FHIR-Profile/MonitoringundVitaldaten/MonitoringundVitaldatenObservation/Intrakranieller-Druck-ICP-Observation.page.md?version=current	harvested	artefact-view		migration-log/guide-harvest/pagecontent/technischeimplementierung-fhir-profile-monitoringundvitaldaten-monitoringundvitaldatenobservation-intrakranieller-druck-icp-observation.page.md.md	244476	341032	12	Intrakranieller Druck ICP (Observation)
https://simplifier.net/guide/MIIIGIntensivmedizin-DE/MIIIGModulICU/TechnischeImplementierung/FHIR-Profile/MonitoringundVitaldaten/MonitoringundVitaldatenObservation/Arterieller-Blutdruck-Observation.page.md?version=current	harvested	artefact-view		migration-log/guide-harvest/pagecontent/technischeimplementierung-fhir-profile-monitoringundvitaldaten-monitoringundvitaldatenobservation-arterieller-blutdruck-observation.page.md.md	546527	744695	32	Arterieller Blutdruck (Observation)
https://simplifier.net/guide/MIIIGIntensivmedizin-DE/MIIIGModulICU/TechnischeImplementierung/FHIR-Profile/MonitoringundVitaldaten/MonitoringundVitaldatenObservation/Sonstige-pulsatile-Drücke-Generisch-Observation?version=current	harvested	artefact-view		migration-log/guide-harvest/pagecontent/technischeimplementierung-fhir-profile-monitoringundvitaldaten-monitoringundvitaldatenobservation-sonstige-pulsatile-dr-cke-generisch-observation.md	464029	639917	20	Sonstige pulsatile Drücke Generisch (Observation)
https://simplifier.net/guide/MIIIGIntensivmedizin-DE/MIIIGModulICU/TechnischeImplementierung/FHIR-Profile/Bilanzen?version=current	harvested	narrative		migration-log/guide-harvest/pagecontent/technischeimplementierung-fhir-profile-bilanzen.md	8	13	0	Bilanzen
https://simplifier.net/guide/MIIIGIntensivmedizin-DE/MIIIGModulICU/TechnischeImplementierung/FHIR-Profile/Bilanzen/Bilanz-Observation?version=current	harvested	artefact-view		migration-log/guide-harvest/pagecontent/technischeimplementierung-fhir-profile-bilanzen-bilanz-observation.md	234304	324637	8	Bilanz (Observation)
https://simplifier.net/guide/MIIIGIntensivmedizin-DE/MIIIGModulICU/TechnischeImplementierung/FHIR-Profile/Bilanzen/Bilanz-Observation/Bilanz-Ausfuhr-Drainage-Generisch-Observation.page.md?version=current	harvested	artefact-view		migration-log/guide-harvest/pagecontent/technischeimplementierung-fhir-profile-bilanzen-bilanz-observation-bilanz-ausfuhr-drainage-generisch-observation.page.md.md	233590	332699	6	Bilanz Ausfuhr Drainage Generisch (Observation)
https://simplifier.net/guide/MIIIGIntensivmedizin-DE/MIIIGModulICU/TechnischeImplementierung/FHIR-Profile/Bilanzen/Bilanz-Observation/Bilanz-Ausfuhr-Hämofiltration-Einzelmesswerte-Observation.page.md?version=current	harvested	artefact-view		migration-log/guide-harvest/pagecontent/technischeimplementierung-fhir-profile-bilanzen-bilanz-observation-bilanz-ausfuhr-h-mofiltration-einzelmesswerte-observation.page.md.md	2162	2192	0	Bilanz Ausfuhr Hämofiltration Einzelmesswerte (Observation)
https://simplifier.net/guide/MIIIGIntensivmedizin-DE/MIIIGModulICU/TechnischeImplementierung/FHIR-Profile/Bilanzen/Bilanz-Observation/Bilanz-Ausfuhr-OP-Drainage-Observation.page.md?version=current	harvested	artefact-view		migration-log/guide-harvest/pagecontent/technischeimplementierung-fhir-profile-bilanzen-bilanz-observation-bilanz-ausfuhr-op-drainage-observation.page.md.md	218406	306519	12	Bilanz Ausfuhr OP-Drainage (Observation)
https://simplifier.net/guide/MIIIGIntensivmedizin-DE/MIIIGModulICU/TechnischeImplementierung/FHIR-Profile/Bilanzen/Bilanz-Observation/Bilanz-Ausfuhr-Wunddrainage-Observation.page.md?version=current	harvested	artefact-view		migration-log/guide-harvest/pagecontent/technischeimplementierung-fhir-profile-bilanzen-bilanz-observation-bilanz-ausfuhr-wunddrainage-observation.page.md.md	233725	332642	16	Bilanz Ausfuhr Wunddrainage (Observation)
https://simplifier.net/guide/MIIIGIntensivmedizin-DE/MIIIGModulICU/TechnischeImplementierung/FHIR-Profile/Bilanzen/Bilanz-Observation/Bilanz-Ausfuhr-Flüssigkeit-Gesamt-Observation.page.md?version=current	harvested	artefact-view		migration-log/guide-harvest/pagecontent/technischeimplementierung-fhir-profile-bilanzen-bilanz-observation-bilanz-ausfuhr-fl-ssigkeit-gesamt-observation.page.md.md	233639	332780	16	Bilanz Ausfuhr Flüssigkeit Gesamt (Observation)
https://simplifier.net/guide/MIIIGIntensivmedizin-DE/MIIIGModulICU/TechnischeImplementierung/FHIR-Profile/Bilanzen/Bilanz-Observation/Bilanz-Ausfuhr-Gallenflüssigkeit-Observation.page.md?version=current	harvested	artefact-view		migration-log/guide-harvest/pagecontent/technischeimplementierung-fhir-profile-bilanzen-bilanz-observation-bilanz-ausfuhr-gallenfl-ssigkeit-observation.page.md.md	233779	332886	16	Bilanz Ausfuhr Gallenflüssigkeit (Observation)
https://simplifier.net/guide/MIIIGIntensivmedizin-DE/MIIIGModulICU/TechnischeImplementierung/FHIR-Profile/Bilanzen/Bilanz-Observation/Bilanz-Ausfuhr-Magensonde-Observation.page.md?version=current	harvested	artefact-view		migration-log/guide-harvest/pagecontent/technischeimplementierung-fhir-profile-bilanzen-bilanz-observation-bilanz-ausfuhr-magensonde-observation.page.md.md	233823	332684	16	Bilanz Ausfuhr Magensonde (Observation)
https://simplifier.net/guide/MIIIGIntensivmedizin-DE/MIIIGModulICU/TechnischeImplementierung/FHIR-Profile/Bilanzen/Bilanz-Observation/Bilanz-Ausfuhr-Pankreasdrainage-Observation.page.md?version=current	harvested	artefact-view		migration-log/guide-harvest/pagecontent/technischeimplementierung-fhir-profile-bilanzen-bilanz-observation-bilanz-ausfuhr-pankreasdrainage-observation.page.md.md	219549	314234	12	Bilanz Ausfuhr Pankreasdrainage (Observation)
https://simplifier.net/guide/MIIIGIntensivmedizin-DE/MIIIGModulICU/TechnischeImplementierung/FHIR-Profile/Bilanzen/Bilanz-Observation/Bilanz-Ausfuhr-Stuhlgang-Observation.page.md?version=current	harvested	artefact-view		migration-log/guide-harvest/pagecontent/technischeimplementierung-fhir-profile-bilanzen-bilanz-observation-bilanz-ausfuhr-stuhlgang-observation.page.md.md	219402	314341	12	Bilanz Ausfuhr Stuhlgang (Observation)
https://simplifier.net/guide/MIIIGIntensivmedizin-DE/MIIIGModulICU/TechnischeImplementierung/FHIR-Profile/Bilanzen/Bilanz-Observation/Bilanz-Ausfuhr-Urin-Observation.page.md?version=current	harvested	artefact-view		migration-log/guide-harvest/pagecontent/technischeimplementierung-fhir-profile-bilanzen-bilanz-observation-bilanz-ausfuhr-urin-observation.page.md.md	233605	332266	16	Bilanz Ausfuhr Urin (Observation)
https://simplifier.net/guide/MIIIGIntensivmedizin-DE/MIIIGModulICU/TechnischeImplementierung/FHIR-Profile/Bilanzen/Bilanz-Observation/Bilanz-Ausfuhr-Blutverlust-Observation.page.md?version=current	harvested	artefact-view		migration-log/guide-harvest/pagecontent/technischeimplementierung-fhir-profile-bilanzen-bilanz-observation-bilanz-ausfuhr-blutverlust-observation.page.md.md	232472	324481	16	Bilanz Ausfuhr Blutverlust (Observation)
https://simplifier.net/guide/MIIIGIntensivmedizin-DE/MIIIGModulICU/TechnischeImplementierung/FHIR-Profile/Bilanzen/Bilanz-Observation/Bilanz-Einfuhr-Enterale-Flüssigkeit-Observation.page.md?version=current	harvested	artefact-view		migration-log/guide-harvest/pagecontent/technischeimplementierung-fhir-profile-bilanzen-bilanz-observation-bilanz-einfuhr-enterale-fl-ssigkeit-observation.page.md.md	233770	332975	16	Bilanz Einfuhr Enterale Flüssigkeit (Observation)
https://simplifier.net/guide/MIIIGIntensivmedizin-DE/MIIIGModulICU/TechnischeImplementierung/FHIR-Profile/Bilanzen/Bilanz-Observation/Bilanz-Einfuhr-Flüssigkeit-Gesamt-Observation.page.md?version=current	harvested	artefact-view		migration-log/guide-harvest/pagecontent/technischeimplementierung-fhir-profile-bilanzen-bilanz-observation-bilanz-einfuhr-fl-ssigkeit-gesamt-observation.page.md.md	233662	332327	16	Bilanz Einfuhr Flüssigkeit Gesamt (Observation)
https://simplifier.net/guide/MIIIGIntensivmedizin-DE/MIIIGModulICU/TechnischeImplementierung/FHIR-Profile/Bilanzen/Bilanz-Observation/Bilanz-Einfuhr-Oraler-Flüssigkeit-Observation.page.md?version=current	harvested	artefact-view		migration-log/guide-harvest/pagecontent/technischeimplementierung-fhir-profile-bilanzen-bilanz-observation-bilanz-einfuhr-oraler-fl-ssigkeit-observation.page.md.md	2078	2108	0	Bilanz Einfuhr Oraler Flüssigkeit (Observation)
https://simplifier.net/guide/MIIIGIntensivmedizin-DE/MIIIGModulICU/TechnischeImplementierung/FHIR-Profile/Bilanzen/Bilanz-Observation/Bilanz-Tagesbilanz-Flüssigkeit-Observation.page.md?version=current	harvested	artefact-view		migration-log/guide-harvest/pagecontent/technischeimplementierung-fhir-profile-bilanzen-bilanz-observation-bilanz-tagesbilanz-fl-ssigkeit-observation.page.md.md	233772	333285	16	Bilanz Tagesbilanz Flüssigkeit (Observation)
https://simplifier.net/guide/MIIIGIntensivmedizin-DE/MIIIGModulICU/TechnischeImplementierung/FHIR-Profile/Bilanzen/Bilanz-Observation/Bilanz-Einfuhr-Muttermilch-Observation.page.md?version=current	harvested	artefact-view		migration-log/guide-harvest/pagecontent/technischeimplementierung-fhir-profile-bilanzen-bilanz-observation-bilanz-einfuhr-muttermilch-observation.page.md.md	219450	313753	12	Bilanz Einfuhr Muttermilch (Observation)
https://simplifier.net/guide/MIIIGIntensivmedizin-DE/MIIIGModulICU/TechnischeImplementierung/FHIR-Profile/Bilanzen/Bilanz-Observation/Bilanz-Einfuhr-Abgepumpte-Muttermilch-Observation.page.md?version=current	harvested	artefact-view		migration-log/guide-harvest/pagecontent/technischeimplementierung-fhir-profile-bilanzen-bilanz-observation-bilanz-einfuhr-abgepumpte-muttermilch-observation.page.md.md	219511	314135	12	Bilanz Einfuhr Abgepumpte Muttermilch (Observation)
https://simplifier.net/guide/MIIIGIntensivmedizin-DE/MIIIGModulICU/TechnischeImplementierung/FHIR-Profile/Bilanzen/Bilanz-Observation/Bilanz-Einfuhr-Spendermilch-Observation.page.md?version=current	harvested	artefact-view		migration-log/guide-harvest/pagecontent/technischeimplementierung-fhir-profile-bilanzen-bilanz-observation-bilanz-einfuhr-spendermilch-observation.page.md.md	219366	313698	12	Bilanz Einfuhr Spendermilch (Observation)
https://simplifier.net/guide/MIIIGIntensivmedizin-DE/MIIIGModulICU/TechnischeImplementierung/FHIR-Profile/Untersuchungen?version=current	harvested	narrative		migration-log/guide-harvest/pagecontent/technischeimplementierung-fhir-profile-untersuchungen.md	14	17	0	Untersuchungen
https://simplifier.net/guide/MIIIGIntensivmedizin-DE/MIIIGModulICU/TechnischeImplementierung/FHIR-Profile/Untersuchungen/Untersuchung-Observation?version=current	harvested	narrative		migration-log/guide-harvest/pagecontent/technischeimplementierung-fhir-profile-untersuchungen-untersuchung-observation.md	26	29	0	Untersuchung (Observation)
https://simplifier.net/guide/MIIIGIntensivmedizin-DE/MIIIGModulICU/TechnischeImplementierung/FHIR-Profile/Untersuchungen/Untersuchung-Observation/Untersuchung-Pupillenbefund-Observation.page.md?version=current	harvested	artefact-view		migration-log/guide-harvest/pagecontent/technischeimplementierung-fhir-profile-untersuchungen-untersuchung-observation-untersuchung-pupillenbefund-observation.page.md.md	212040	308508	12	Untersuchung Pupillenbefund (Observation)
https://simplifier.net/guide/MIIIGIntensivmedizin-DE/MIIIGModulICU/TechnischeImplementierung/FHIR-Profile/Untersuchungen/Untersuchung-Observation/Untersuchung-Pupillenform-Observation.page.md?version=current	harvested	artefact-view		migration-log/guide-harvest/pagecontent/technischeimplementierung-fhir-profile-untersuchungen-untersuchung-observation-untersuchung-pupillenform-observation.page.md.md	188859	274966	8	Untersuchung Pupillenform (Observation)
https://simplifier.net/guide/MIIIGIntensivmedizin-DE/MIIIGModulICU/TechnischeImplementierung/FHIR-Profile/Untersuchungen/Untersuchung-Observation/Untersuchung-Pupillengröße-Observation.page.md?version=current	harvested	artefact-view		migration-log/guide-harvest/pagecontent/technischeimplementierung-fhir-profile-untersuchungen-untersuchung-observation-untersuchung-pupillengr-e-observation.page.md.md	203879	295082	10	Untersuchung Pupillengröße (Observation)
https://simplifier.net/guide/MIIIGIntensivmedizin-DE/MIIIGModulICU/TechnischeImplementierung/FHIR-Profile/Untersuchungen/Untersuchung-Observation/Untersuchung-Pupillensymmetrie-Observation.page.md?version=current	harvested	artefact-view		migration-log/guide-harvest/pagecontent/technischeimplementierung-fhir-profile-untersuchungen-untersuchung-observation-untersuchung-pupillensymmetrie-observation.page.md.md	211338	303379	12	Untersuchung Pupillensymmetrie (Observation)
https://simplifier.net/guide/MIIIGIntensivmedizin-DE/MIIIGModulICU/TechnischeImplementierung/FHIR-Profile/Untersuchungen/Untersuchung-Observation/Untersuchung-direkte-Pupillenlichtreaktion-Observation.page.md?version=current	harvested	artefact-view		migration-log/guide-harvest/pagecontent/technischeimplementierung-fhir-profile-untersuchungen-untersuchung-observation-untersuchung-direkte-pupillenlichtreaktion-observation.page.md.md	189008	275541	8	Untersuchung direkte Pupillenlichtreaktion (Observation)
https://simplifier.net/guide/MIIIGIntensivmedizin-DE/MIIIGModulICU/TechnischeImplementierung/FHIR-Profile/Untersuchungen/Untersuchung-Observation/Untersuchung-indirekte-Pupillenlichtreaktion-Observation.page.md?version=current	harvested	artefact-view		migration-log/guide-harvest/pagecontent/technischeimplementierung-fhir-profile-untersuchungen-untersuchung-observation-untersuchung-indirekte-pupillenlichtreaktion-observation.page.md.md	189024	275609	8	Untersuchung indirekte Pupillenlichtreaktion (Observation)
https://simplifier.net/guide/MIIIGIntensivmedizin-DE/MIIIGModulICU/TechnischeImplementierung/FHIR-Profile/Scores?version=current	harvested	narrative		migration-log/guide-harvest/pagecontent/technischeimplementierung-fhir-profile-scores.md	6	9	0	Scores
https://simplifier.net/guide/MIIIGIntensivmedizin-DE/MIIIGModulICU/TechnischeImplementierung/FHIR-Profile/Scores/Score-Observation?version=current	harvested	artefact-view		migration-log/guide-harvest/pagecontent/technischeimplementierung-fhir-profile-scores-score-observation.md	210999	291320	10	Score (Observation)
https://simplifier.net/guide/MIIIGIntensivmedizin-DE/MIIIGModulICU/TechnischeImplementierung/FHIR-Profile/Scores/Score-Observation/Intensive-Care-Delirium-Screening-Checklist-Observation.page.md?version=current	harvested	artefact-view		migration-log/guide-harvest/pagecontent/technischeimplementierung-fhir-profile-scores-score-observation-intensive-care-delirium-screening-checklist-observation.page.md.md	490837	660870	10	Intensive Care Delirium Screening Checklist (Observation)
https://simplifier.net/guide/MIIIGIntensivmedizin-DE/MIIIGModulICU/TechnischeImplementierung/FHIR-Profile/Scores/Score-Observation/Confusion-Assessment-Method-for-the-ICU-Observation.page.md?version=current	harvested	artefact-view		migration-log/guide-harvest/pagecontent/technischeimplementierung-fhir-profile-scores-score-observation-confusion-assessment-method-for-the-icu-observation.page.md.md	354295	482318	10	Confusion Assessment Method for the ICU (Observation)
https://simplifier.net/guide/MIIIGIntensivmedizin-DE/MIIIGModulICU/TechnischeImplementierung/FHIR-Profile/Scores/Score-Observation/Faces-Pain-Scale-Revised-Observation.page.md?version=current	harvested	artefact-view		migration-log/guide-harvest/pagecontent/technischeimplementierung-fhir-profile-scores-score-observation-faces-pain-scale-revised-observation.page.md.md	225444	309727	12	Faces Pain Scale Revised (Observation)
https://simplifier.net/guide/MIIIGIntensivmedizin-DE/MIIIGModulICU/TechnischeImplementierung/FHIR-Profile/Scores/Score-Observation/Numerische-Ratingskala-Observation.page.md?version=current	harvested	artefact-view		migration-log/guide-harvest/pagecontent/technischeimplementierung-fhir-profile-scores-score-observation-numerische-ratingskala-observation.page.md.md	213234	293245	10	Numerische Ratingskala (Observation)
https://simplifier.net/guide/MIIIGIntensivmedizin-DE/MIIIGModulICU/TechnischeImplementierung/FHIR-Profile/Scores/Score-Observation/RASS-Observation.page.md?version=current	harvested	artefact-view		migration-log/guide-harvest/pagecontent/technischeimplementierung-fhir-profile-scores-score-observation-rass-observation.page.md.md	181285	263172	8	RASS (Observation)
https://simplifier.net/guide/MIIIGIntensivmedizin-DE/MIIIGModulICU/TechnischeImplementierung/FHIR-Profile/Scores/Score-Observation/SOFA-Observation.page.md?version=current	harvested	artefact-view		migration-log/guide-harvest/pagecontent/technischeimplementierung-fhir-profile-scores-score-observation-sofa-observation.page.md.md	451866	606131	10	SOFA (Observation)
https://simplifier.net/guide/MIIIGIntensivmedizin-DE/MIIIGModulICU/TechnischeImplementierung/FHIR-Profile/Scores/Score-Observation/Visuelle-Analogskala-Observation.page.md?version=current	harvested	artefact-view		migration-log/guide-harvest/pagecontent/technischeimplementierung-fhir-profile-scores-score-observation-visuelle-analogskala-observation.page.md.md	224796	309079	12	Visuelle Analogskala (Observation)
https://simplifier.net/guide/MIIIGIntensivmedizin-DE/MIIIGModulICU/TechnischeImplementierung/FHIR-Profile/Scores/Score-Observation/Wong-Baker-FACES-Schmerzskala-Observation.page.md?version=current	harvested	artefact-view		migration-log/guide-harvest/pagecontent/technischeimplementierung-fhir-profile-scores-score-observation-wong-baker-faces-schmerzskala-observation.page.md.md	208707	293220	14	Wong-Baker-FACES-Schmerzskala (Observation)
https://simplifier.net/guide/MIIIGIntensivmedizin-DE/MIIIGModulICU/TechnischeImplementierung/FHIR-Profile/Scores/Score-Observation/Zuerich-Observation-Pain-Assessment-Observation.page.md?version=current	harvested	artefact-view		migration-log/guide-harvest/pagecontent/technischeimplementierung-fhir-profile-scores-score-observation-zuerich-observation-pain-assessment-observation.page.md.md	229525	314500	12	Zuerich Observation Pain Assessment (Observation)
https://simplifier.net/guide/MIIIGIntensivmedizin-DE/MIIIGModulICU/TechnischeImplementierung/Terminologien.page.md?version=current	harvested	artefact-view		migration-log/guide-harvest/pagecontent/technischeimplementierung-terminologien.page.md.md	21528	20823	0	Terminologien
https://simplifier.net/guide/MIIIGIntensivmedizin-DE/MIIIGModulICU/TechnischeImplementierung/FHIR-Profile/Bilanzen/Bilanz-Observation/Bilanz-Einfuhr-Säuglingsnahrung-Observation.page.md?version=current	harvested	artefact-view		migration-log/guide-harvest/pagecontent/technischeimplementierung-fhir-profile-bilanzen-bilanz-observation-bilanz-einfuhr-s-uglingsnahrung-observation.page.md.md	219400	313875	12	Bilanz Einfuhr Säuglingsnahrung (Observation)
https://simplifier.net/guide/MIIIGIntensivmedizin-DE/MIIIGModulICU/TechnischeImplementierung/FHIR-Profile/MonitoringundVitaldaten/MonitoringundVitaldatenObservation/Körpergewicht-Observation.page.md?version=current	harvested	artefact-view		migration-log/guide-harvest/pagecontent/technischeimplementierung-fhir-profile-monitoringundvitaldaten-monitoringundvitaldatenobservation-k-rpergewicht-observation.page.md.md	303152	425135	14	Körpergewicht (Observation)
https://simplifier.net/guide/MIIIGIntensivmedizin-DE/MIIIGModulICU/TechnischeImplementierung/FHIR-Profile/MonitoringundVitaldaten/MonitoringundVitaldatenObservation/Körpergewicht-Percentil-altersabhängig-Observation.page.md?version=current	harvested	artefact-view		migration-log/guide-harvest/pagecontent/technischeimplementierung-fhir-profile-monitoringundvitaldaten-monitoringundvitaldatenobservation-k-rpergewicht-percentil-altersabh-ngig-observation.page.md.md	254806	354447	12	Körpergewicht Percentil altersabhängig (Observation)
https://simplifier.net/guide/MIIIGIntensivmedizin-DE/MIIIGModulICU/TechnischeImplementierung/FHIR-Profile/MonitoringundVitaldaten/MonitoringundVitaldatenObservation/Körpergrösse-Percentil-altersabhängig-Observation.page.md?version=current	harvested	artefact-view		migration-log/guide-harvest/pagecontent/technischeimplementierung-fhir-profile-monitoringundvitaldaten-monitoringundvitaldatenobservation-k-rpergr-sse-percentil-altersabh-ngig-observation.page.md.md	240783	336538	10	Körpergrösse Percentil altersabhängig (Observation)
https://simplifier.net/guide/MIIIGIntensivmedizin-DE/MIIIGModulICU/TechnischeImplementierung/FHIR-Profile/MonitoringundVitaldaten/MonitoringundVitaldatenObservation/Körpergröße-Observation.page.md?version=current	harvested	artefact-view		migration-log/guide-harvest/pagecontent/technischeimplementierung-fhir-profile-monitoringundvitaldaten-monitoringundvitaldatenobservation-k-rpergr-e-observation.page.md.md	303128	425185	14	Körpergröße (Observation)
https://simplifier.net/guide/MIIIGIntensivmedizin-DE/MIIIGModulICU/TechnischeImplementierung/FHIR-Profile/MonitoringundVitaldaten/MonitoringundVitaldatenObservation/Körpertemperatur-Generisch-Observation/Körpertemperatur-Achsel-Observation.page.md?version=current	harvested	artefact-view		migration-log/guide-harvest/pagecontent/technischeimplementierung-fhir-profile-monitoringundvitaldaten-monitoringundvitaldatenobservation-k-rpertemperatur-generisch-observation-k-rpertemperatur-achsel-observation.page.md.md	334895	470735	12	Körpertemperatur Achsel (Observation)
https://simplifier.net/guide/MIIIGIntensivmedizin-DE/MIIIGModulICU/TechnischeImplementierung/FHIR-Profile/MonitoringundVitaldaten/MonitoringundVitaldatenObservation/Körpertemperatur-Generisch-Observation/Körpertemperatur-Atemwege-Observation.page.md?version=current	harvested	artefact-view		migration-log/guide-harvest/pagecontent/technischeimplementierung-fhir-profile-monitoringundvitaldaten-monitoringundvitaldatenobservation-k-rpertemperatur-generisch-observation-k-rpertemperatur-atemwege-observation.page.md.md	233009	328613	10	Körpertemperatur Atemwege (Observation)
https://simplifier.net/guide/MIIIGIntensivmedizin-DE/MIIIGModulICU/TechnischeImplementierung/FHIR-Profile/MonitoringundVitaldaten/MonitoringundVitaldatenObservation/Körpertemperatur-Generisch-Observation/Körpertemperatur-Blut-Observation.page.md?version=current	harvested	artefact-view		migration-log/guide-harvest/pagecontent/technischeimplementierung-fhir-profile-monitoringundvitaldaten-monitoringundvitaldatenobservation-k-rpertemperatur-generisch-observation-k-rpertemperatur-blut-observation.page.md.md	334603	469426	12	Körpertemperatur Blut (Observation)
https://simplifier.net/guide/MIIIGIntensivmedizin-DE/MIIIGModulICU/TechnischeImplementierung/FHIR-Profile/MonitoringundVitaldaten/MonitoringundVitaldatenObservation/Körpertemperatur-Generisch-Observation/Körpertemperatur-Brust-Observation.page.md?version=current	harvested	artefact-view		migration-log/guide-harvest/pagecontent/technischeimplementierung-fhir-profile-monitoringundvitaldaten-monitoringundvitaldatenobservation-k-rpertemperatur-generisch-observation-k-rpertemperatur-brust-observation.page.md.md	232837	327963	18	Körpertemperatur Brust (Observation)
https://simplifier.net/guide/MIIIGIntensivmedizin-DE/MIIIGModulICU/TechnischeImplementierung/FHIR-Profile/MonitoringundVitaldaten/MonitoringundVitaldatenObservation/Körpertemperatur-Generisch-Observation/Körpertemperatur-Brustwirbelsaeule-Observation.page.md?version=current	harvested	artefact-view		migration-log/guide-harvest/pagecontent/technischeimplementierung-fhir-profile-monitoringundvitaldaten-monitoringundvitaldatenobservation-k-rpertemperatur-generisch-observation-k-rpertemperatur-brustwirbelsaeule-observation.page.md.md	232942	328476	18	Körpertemperatur Brustwirbelsaeule (Observation)
https://simplifier.net/guide/MIIIGIntensivmedizin-DE/MIIIGModulICU/TechnischeImplementierung/FHIR-Profile/MonitoringundVitaldaten/MonitoringundVitaldatenObservation/Körpertemperatur-Generisch-Observation/Körpertemperatur-Gelenk-Observation.page.md?version=current	harvested	artefact-view		migration-log/guide-harvest/pagecontent/technischeimplementierung-fhir-profile-monitoringundvitaldaten-monitoringundvitaldatenobservation-k-rpertemperatur-generisch-observation-k-rpertemperatur-gelenk-observation.page.md.md	232841	328001	18	Körpertemperatur Gelenk (Observation)
https://simplifier.net/guide/MIIIGIntensivmedizin-DE/MIIIGModulICU/TechnischeImplementierung/FHIR-Profile/MonitoringundVitaldaten/MonitoringundVitaldatenObservation/Körpertemperatur-Generisch-Observation/Körpertemperatur-Halswirbelsaeule-Observation.page.md?version=current	harvested	artefact-view		migration-log/guide-harvest/pagecontent/technischeimplementierung-fhir-profile-monitoringundvitaldaten-monitoringundvitaldatenobservation-k-rpertemperatur-generisch-observation-k-rpertemperatur-halswirbelsaeule-observation.page.md.md	232936	328436	18	Körpertemperatur Halswirbelsaeule (Observation)
https://simplifier.net/guide/MIIIGIntensivmedizin-DE/MIIIGModulICU/TechnischeImplementierung/FHIR-Profile/MonitoringundVitaldaten/MonitoringundVitaldatenObservation/Körpertemperatur-Generisch-Observation/Körpertemperatur-Harnblase-Observation.page.md?version=current	harvested	artefact-view		migration-log/guide-harvest/pagecontent/technischeimplementierung-fhir-profile-monitoringundvitaldaten-monitoringundvitaldatenobservation-k-rpertemperatur-generisch-observation-k-rpertemperatur-harnblase-observation.page.md.md	320458	451981	12	Körpertemperatur Harnblase (Observation)
https://simplifier.net/guide/MIIIGIntensivmedizin-DE/MIIIGModulICU/TechnischeImplementierung/FHIR-Profile/MonitoringundVitaldaten/MonitoringundVitaldatenObservation/Körpertemperatur-Generisch-Observation/Körpertemperatur-Kern-Observation.page.md?version=current	harvested	artefact-view		migration-log/guide-harvest/pagecontent/technischeimplementierung-fhir-profile-monitoringundvitaldaten-monitoringundvitaldatenobservation-k-rpertemperatur-generisch-observation-k-rpertemperatur-kern-observation.page.md.md	305889	432380	10	Körpertemperatur Kern (Observation)
https://simplifier.net/guide/MIIIGIntensivmedizin-DE/MIIIGModulICU/TechnischeImplementierung/FHIR-Profile/MonitoringundVitaldaten/MonitoringundVitaldatenObservation/Körpertemperatur-Generisch-Observation/Körpertemperatur-Leiste-Observation.page.md?version=current	harvested	artefact-view		migration-log/guide-harvest/pagecontent/technischeimplementierung-fhir-profile-monitoringundvitaldaten-monitoringundvitaldatenobservation-k-rpertemperatur-generisch-observation-k-rpertemperatur-leiste-observation.page.md.md	320393	451607	12	Körpertemperatur Leiste (Observation)
https://simplifier.net/guide/MIIIGIntensivmedizin-DE/MIIIGModulICU/TechnischeImplementierung/FHIR-Profile/MonitoringundVitaldaten/MonitoringundVitaldatenObservation/Körpertemperatur-Generisch-Observation/Körpertemperatur-Lendenwirbelsaeule-Observation.page.md?version=current	harvested	artefact-view		migration-log/guide-harvest/pagecontent/technischeimplementierung-fhir-profile-monitoringundvitaldaten-monitoringundvitaldatenobservation-k-rpertemperatur-generisch-observation-k-rpertemperatur-lendenwirbelsaeule-observation.page.md.md	232944	328512	18	Körpertemperatur Lendenwirbelsaeule (Observation)
https://simplifier.net/guide/MIIIGIntensivmedizin-DE/MIIIGModulICU/TechnischeImplementierung/FHIR-Profile/MonitoringundVitaldaten/MonitoringundVitaldatenObservation/Körpertemperatur-Generisch-Observation/Körpertemperatur-Myokard-Observation.page.md?version=current	harvested	artefact-view		migration-log/guide-harvest/pagecontent/technischeimplementierung-fhir-profile-monitoringundvitaldaten-monitoringundvitaldatenobservation-k-rpertemperatur-generisch-observation-k-rpertemperatur-myokard-observation.page.md.md	233052	328807	10	Körpertemperatur Myokard (Observation)
https://simplifier.net/guide/MIIIGIntensivmedizin-DE/MIIIGModulICU/TechnischeImplementierung/FHIR-Profile/MonitoringundVitaldaten/MonitoringundVitaldatenObservation/Körpertemperatur-Generisch-Observation/Körpertemperatur-Nasen-Rachen-Raum-Observation.page.md?version=current	harvested	artefact-view		migration-log/guide-harvest/pagecontent/technischeimplementierung-fhir-profile-monitoringundvitaldaten-monitoringundvitaldatenobservation-k-rpertemperatur-generisch-observation-k-rpertemperatur-nasen-rachen-raum-observation.page.md.md	247310	347914	12	Körpertemperatur Nasen-Rachen-Raum (Observation)
https://simplifier.net/guide/MIIIGIntensivmedizin-DE/MIIIGModulICU/TechnischeImplementierung/FHIR-Profile/MonitoringundVitaldaten/MonitoringundVitaldatenObservation/Körpertemperatur-Generisch-Observation/Körpertemperatur-Speiseroehre-Observation.page.md?version=current	harvested	artefact-view		migration-log/guide-harvest/pagecontent/technischeimplementierung-fhir-profile-monitoringundvitaldaten-monitoringundvitaldatenobservation-k-rpertemperatur-generisch-observation-k-rpertemperatur-speiseroehre-observation.page.md.md	334810	470530	12	Körpertemperatur Speiseroehre (Observation)
https://simplifier.net/guide/MIIIGIntensivmedizin-DE/MIIIGModulICU/TechnischeImplementierung/FHIR-Profile/MonitoringundVitaldaten/MonitoringundVitaldatenObservation/Körpertemperatur-Generisch-Observation/Körpertemperatur-Stirn-Observation.page.md?version=current	harvested	artefact-view		migration-log/guide-harvest/pagecontent/technischeimplementierung-fhir-profile-monitoringundvitaldaten-monitoringundvitaldatenobservation-k-rpertemperatur-generisch-observation-k-rpertemperatur-stirn-observation.page.md.md	232841	327967	18	Körpertemperatur Stirn (Observation)
https://simplifier.net/guide/MIIIGIntensivmedizin-DE/MIIIGModulICU/TechnischeImplementierung/FHIR-Profile/MonitoringundVitaldaten/MonitoringundVitaldatenObservation/Körpertemperatur-Generisch-Observation/Körpertemperatur-Trommelfell-Observation.page.md?version=current	harvested	artefact-view		migration-log/guide-harvest/pagecontent/technischeimplementierung-fhir-profile-monitoringundvitaldaten-monitoringundvitaldatenobservation-k-rpertemperatur-generisch-observation-k-rpertemperatur-trommelfell-observation.page.md.md	334821	470499	12	Körpertemperatur Trommelfell (Observation)
https://simplifier.net/guide/MIIIGIntensivmedizin-DE/MIIIGModulICU/TechnischeImplementierung/FHIR-Profile/MonitoringundVitaldaten/MonitoringundVitaldatenObservation/Körpertemperatur-Generisch-Observation/Körpertemperatur-nasal-Observation.page.md?version=current	harvested	artefact-view		migration-log/guide-harvest/pagecontent/technischeimplementierung-fhir-profile-monitoringundvitaldaten-monitoringundvitaldatenobservation-k-rpertemperatur-generisch-observation-k-rpertemperatur-nasal-observation.page.md.md	233025	328706	10	Körpertemperatur nasal (Observation)
https://simplifier.net/guide/MIIIGIntensivmedizin-DE/MIIIGModulICU/TechnischeImplementierung/FHIR-Profile/MonitoringundVitaldaten/MonitoringundVitaldatenObservation/Körpertemperatur-Generisch-Observation/Körpertemperatur-rektal-Observation.page.md?version=current	harvested	artefact-view		migration-log/guide-harvest/pagecontent/technischeimplementierung-fhir-profile-monitoringundvitaldaten-monitoringundvitaldatenobservation-k-rpertemperatur-generisch-observation-k-rpertemperatur-rektal-observation.page.md.md	334854	470694	12	Körpertemperatur rektal (Observation)
https://simplifier.net/guide/MIIIGIntensivmedizin-DE/MIIIGModulICU/TechnischeImplementierung/FHIR-Profile/MonitoringundVitaldaten/MonitoringundVitaldatenObservation/Körpertemperatur-Generisch-Observation/Körpertemperatur-unter-der-Zunge-Observation.page.md?version=current	harvested	artefact-view		migration-log/guide-harvest/pagecontent/technischeimplementierung-fhir-profile-monitoringundvitaldaten-monitoringundvitaldatenobservation-k-rpertemperatur-generisch-observation-k-rpertemperatur-unter-der-zunge-observation.page.md.md	334901	471137	12	Körpertemperatur unter der Zunge (Observation)
https://simplifier.net/guide/MIIIGIntensivmedizin-DE/MIIIGModulICU/TechnischeImplementierung/FHIR-Profile/MonitoringundVitaldaten/MonitoringundVitaldatenObservation/Körpertemperatur-Generisch-Observation/Körpertemperatur-vaginal-Observation.page.md?version=current	harvested	artefact-view		migration-log/guide-harvest/pagecontent/technischeimplementierung-fhir-profile-monitoringundvitaldaten-monitoringundvitaldatenobservation-k-rpertemperatur-generisch-observation-k-rpertemperatur-vaginal-observation.page.md.md	306011	432822	10	Körpertemperatur vaginal (Observation)
https://simplifier.net/guide/MIIIGIntensivmedizin-DE/MIIIGModulICU/TechnischeImplementierung/FHIR-Profile/MonitoringundVitaldaten/MonitoringundVitaldatenObservation/Körpertemperatur-Generisch-Observation?version=current	harvested	artefact-view		migration-log/guide-harvest/pagecontent/technischeimplementierung-fhir-profile-monitoringundvitaldaten-monitoringundvitaldatenobservation-k-rpertemperatur-generisch-observation.md	246286	342498	12	Körpertemperatur Generisch (Observation)
https://simplifier.net/guide/MIIIGIntensivmedizin-DE/MIIIGModulICU/TechnischeImplementierung/FHIR-Profile/MonitoringundVitaldaten/MonitoringundVitaldatenObservation/Sauerstoffsättigung-im-Blut-postduktal-durch-Pulsoxymetrie-Obs.page.md?version=current	harvested	artefact-view		migration-log/guide-harvest/pagecontent/technischeimplementierung-fhir-profile-monitoringundvitaldaten-monitoringundvitaldatenobservation-sauerstoffs-ttigung-im-blut-postduktal-durch-pulsoxymetrie-obs.page.md.md	230236	322900	4	Sauerstoffsättigung im Blut postduktal durch Pulsoxymetrie (Obs)
https://simplifier.net/guide/MIIIGIntensivmedizin-DE/MIIIGModulICU/TechnischeImplementierung/FHIR-Profile/MonitoringundVitaldaten/MonitoringundVitaldatenObservation/Sauerstoffsättigung-im-Blut-preduktal-durch-Pulsoxymetrie-Obs.page.md?version=current	harvested	artefact-view		migration-log/guide-harvest/pagecontent/technischeimplementierung-fhir-profile-monitoringundvitaldaten-monitoringundvitaldatenobservation-sauerstoffs-ttigung-im-blut-preduktal-durch-pulsoxymetrie-obs.page.md.md	230228	322863	4	Sauerstoffsättigung im Blut preduktal durch Pulsoxymetrie (Obs)
https://simplifier.net/guide/MIIIGIntensivmedizin-DE/MIIIGModulICU/TechnischeImplementierung/FHIR-Profile/MonitoringundVitaldaten/MonitoringundVitaldatenObservation/Sonstige-pulsatile-Drücke-Generisch-Observation/LinksatrialerDruckObservation.page.md?version=current	harvested	artefact-view		migration-log/guide-harvest/pagecontent/technischeimplementierung-fhir-profile-monitoringundvitaldaten-monitoringundvitaldatenobservation-sonstige-pulsatile-dr-cke-generisch-observation-linksatrialerdruckobservation.page.md.md	505313	693917	22	Linksatrialer Druck (Observation)
https://simplifier.net/guide/MIIIGIntensivmedizin-DE/MIIIGModulICU/TechnischeImplementierung/FHIR-Profile/MonitoringundVitaldaten/MonitoringundVitaldatenObservation/Sonstige-pulsatile-Drücke-Generisch-Observation/LinksventrikulrerDruckObservation.page.md?version=current	harvested	artefact-view		migration-log/guide-harvest/pagecontent/technischeimplementierung-fhir-profile-monitoringundvitaldaten-monitoringundvitaldatenobservation-sonstige-pulsatile-dr-cke-generisch-observation-linksventrikulrerdruckobservation.page.md.md	491347	676332	20	Linksventrikulärer Druck (Observation)
https://simplifier.net/guide/MIIIGIntensivmedizin-DE/MIIIGModulICU/TechnischeImplementierung/FHIR-Profile/MonitoringundVitaldaten/MonitoringundVitaldatenObservation/Sonstige-pulsatile-Drücke-Generisch-Observation/PulmonalarteriellerBlutdruckObservation.page.md?version=current	harvested	artefact-view		migration-log/guide-harvest/pagecontent/technischeimplementierung-fhir-profile-monitoringundvitaldaten-monitoringundvitaldatenobservation-sonstige-pulsatile-dr-cke-generisch-observation-pulmonalarteriellerblutdruckobservation.page.md.md	512850	704175	22	Pulmonalarterieller Blutdruck (Observation)
https://simplifier.net/guide/MIIIGIntensivmedizin-DE/MIIIGModulICU/TechnischeImplementierung/FHIR-Profile/MonitoringundVitaldaten/MonitoringundVitaldatenObservation/Sonstige-pulsatile-Drücke-Generisch-Observation/RechtsatrialerDruckObservation.page.md?version=current	harvested	artefact-view		migration-log/guide-harvest/pagecontent/technischeimplementierung-fhir-profile-monitoringundvitaldaten-monitoringundvitaldatenobservation-sonstige-pulsatile-dr-cke-generisch-observation-rechtsatrialerdruckobservation.page.md.md	507852	697297	22	Rechtsatrialer Druck (Observation)
https://simplifier.net/guide/MIIIGIntensivmedizin-DE/MIIIGModulICU/TechnischeImplementierung/FHIR-Profile/MonitoringundVitaldaten/MonitoringundVitaldatenObservation/Sonstige-pulsatile-Drücke-Generisch-Observation/RechtsventrikulrerDruckObservation.page.md?version=current	harvested	artefact-view		migration-log/guide-harvest/pagecontent/technischeimplementierung-fhir-profile-monitoringundvitaldaten-monitoringundvitaldatenobservation-sonstige-pulsatile-dr-cke-generisch-observation-rechtsventrikulrerdruckobservation.page.md.md	493839	679306	20	Rechtsventrikulärer Druck (Observation)
