{
  "resourceType": "Observation",
  "id": "exa-mii-icu-muv-linksventrikulaeres-schlagvolumenindex",
  "meta": {
    "profile": [
      "https://gematik.de/fhir/isik/StructureDefinition/sd-mii-icu-linksventrikulaeres-schlagvolumenindex"
    ]
  },
  "status": "final",
  "category": [
    {
      "coding": [
        {
          "system": "http://terminology.hl7.org/CodeSystem/observation-category",
          "code": "vital-signs"
        }
      ]
    }
  ],
  "code": {
    "coding": [
      {
        "system": "http://loinc.org",
        "code": "76297-1",
        "display": "Left ventricular Stroke volume index"
      },
      {
        "system": "http://snomed.info/sct",
        "code": "277381004",
        "display": "Stroke index (observable entity)"
      }
    ]
  },
  "subject": {
    "reference": "Patient/111"
  },
  "effectivePeriod": {
    "start": "2019-12-23T09:30:10+01:00",
    "end": "2019-12-23T10:30:10+01:00"
  },
  "valueQuantity": {
    "value": 40,
    "unit": "milliliter per square meter",
    "system": "http://unitsofmeasure.org",
    "code": "mL/m2"
  }
}
