{
  "resourceType": "Observation",
  "id": "exa-mii-icu-vent-beatmungsvolumen-pro-minute-maschineller-beatmung",
  "meta": {
    "profile": [
      "https://www.medizininformatik-initiative.de/fhir/ext/modul-icu/StructureDefinition/beatmungsvolumen-pro-minute-maschineller-beatmung"
    ]
  },
  "partOf": [
    {
      "reference": "Procedure/example"
    }
  ],
  "status": "final",
  "category": [
    {
      "coding": [
        {
          "system": "http://snomed.info/sct",
          "code": "40617009",
          "display": "Artificial respiration (procedure)"
        }
      ]
    }
  ],
  "code": {
    "coding": [
      {
        "system": "http://loinc.org",
        "code": "76009-0",
        "display": "Inspired minute Volume during Mechanical ventilation"
      },
      {
        "system": "http://snomed.info/sct",
        "code": "250875001",
        "display": "Ventilator delivered minute volume (observable entity)"
      },
      {
        "system": "urn:iso:std:iso:11073:10101",
        "code": "152004",
        "display": "Ventilation inspiratory minute volume"
      }
    ]
  },
  "subject": {
    "reference": "Patient/111"
  },
  "effectivePeriod": {
    "start": "2019-12-23T09:30:10+01:00",
    "end": "2019-12-23T10:30:10+01:00"
  },
  "valueQuantity": {
    "value": 7.0,
    "system": "http://unitsofmeasure.org",
    "code": "L/min"
  },
  "device": {
    "reference": "DeviceMetric/Example_Gemessene_Parameter_Beatmung"
  }
}
