{
  "resourceType": "Observation",
  "id": "exa-mii-icu-vent-spontane-mechanische-atemfrequenz-beatmet",
  "meta": {
    "profile": [
      "https://www.medizininformatik-initiative.de/fhir/ext/modul-icu/StructureDefinition/spontane-mechanische-atemfrequenz-beatmet"
    ]
  },
  "partOf": [
    {
      "reference": "Procedure/example"
    }
  ],
  "status": "final",
  "category": [
    {
      "coding": [
        {
          "system": "http://snomed.info/sct",
          "code": "40617009",
          "display": "Artificial respiration (procedure)"
        }
      ]
    }
  ],
  "code": {
    "coding": [
      {
        "system": "http://snomed.info/sct",
        "code": "250810003",
        "display": "Total breath rate (observable entity)"
      },
      {
        "system": "http://loinc.org",
        "code": "19840-8",
        "display": "Breath rate spontaneous and mechanical --on ventilator"
      },
      {
        "system": "urn:iso:std:iso:11073:10101",
        "code": "152490",
        "display": "Total respiratory rate; total breath rate"
      }
    ]
  },
  "subject": {
    "reference": "Patient/111"
  },
  "effectivePeriod": {
    "start": "2019-12-23T09:30:10+01:00",
    "end": "2019-12-23T10:30:10+01:00"
  },
  "valueQuantity": {
    "value": 12.0,
    "system": "http://unitsofmeasure.org",
    "code": "/min"
  },
  "device": {
    "reference": "DeviceMetric/Example_Gemessene_Parameter_Beatmung"
  }
}
