{
  "resourceType": "Observation",
  "id": "exa-mii-icu-ecmo-sauerstoffgasfluss",
  "meta": {
    "profile": [
      "https://www.medizininformatik-initiative.de/fhir/ext/modul-icu/StructureDefinition/sauerstoffgasfluss"
    ]
  },
  "partOf": [
    {
      "reference": "Procedure/example"
    }
  ],
  "status": "final",
  "category": [
    {
      "coding": [
        {
          "system": "http://snomed.info/sct",
          "code": "182744004",
          "display": "Extracorporeal circulation procedure (procedure)"
        }
      ]
    }
  ],
  "code": {
    "coding": [
      {
        "system": "http://snomed.info/sct",
        "code": "79063001",
        "display": "Gas flow rate (v) (observable entity)"
      },
      {
        "system": "http://loinc.org",
        "code": "19941-4",
        "display": "Oxygen gas flow Oxygen delivery system"
      }
    ]
  },
  "subject": {
    "reference": "Patient/111"
  },
  "effectivePeriod": {
    "start": "2019-12-23T09:30:10+01:00",
    "end": "2019-12-23T10:30:10+01:00"
  },
  "valueQuantity": {
    "value": 2.0,
    "system": "http://unitsofmeasure.org",
    "code": "L/min"
  },
  "device": {
    "reference": "DeviceMetric/Example_Eingestellte_Parameter_extrakorporale_Verfahren"
  }
}
