{
  "resourceType": "Observation",
  "id": "exa-mii-icu-muv-koerpertemperatur-brustwirbelsaeule",
  "meta": {
    "profile": [
      "https://gematik.de/fhir/isik/StructureDefinition/sd-mii-icu-koerpertemperatur-brustwirbelsaeule"
    ]
  },
  "status": "final",
  "category": [
    {
      "coding": [
        {
          "system": "http://terminology.hl7.org/CodeSystem/observation-category",
          "code": "vital-signs"
        }
      ]
    }
  ],
  "code": {
    "coding": [
      {
        "system": "http://snomed.info/sct",
        "code": "364424001",
        "display": "Temperature of thoracic spine (observable entity)"
      }
    ]
  },
  "subject": {
    "reference": "Patient/111"
  },
  "effectivePeriod": {
    "start": "2019-12-23T09:30:10+01:00",
    "end": "2019-12-23T10:30:10+01:00"
  },
  "valueQuantity": {
    "value": 37,
    "system": "http://unitsofmeasure.org",
    "code": "Cel",
    "unit": "degree Celsius"
  },
  "bodySite": {
    "coding": [
      {
        "system": "http://snomed.info/sct",
        "code": "122495006",
        "display": "Structure of thoracic vertebral column (body structure)"
      }
    ]
  }
}
