{
  "resourceType": "Observation",
  "id": "exa-mii-icu-muv-kopfumfang",
  "meta": {
    "profile": [
      "https://www.medizininformatik-initiative.de/fhir/ext/modul-icu/StructureDefinition/kopfumfang"
    ]
  },
  "status": "final",
  "category": [
    {
      "coding": [
        {
          "system": "http://terminology.hl7.org/CodeSystem/observation-category",
          "code": "vital-signs"
        }
      ]
    }
  ],
  "code": {
    "coding": [
      {
        "system": "http://loinc.org",
        "code": "9843-4",
        "display": "Head Occipital-frontal circumference"
      },
      {
        "system": "http://snomed.info/sct",
        "code": "363811000",
        "display": "Head circumference measure (observable entity)"
      }
    ]
  },
  "subject": {
    "reference": "Patient/example"
  },
  "valueQuantity": {
    "value": 55,
    "unit": "centimeter",
    "system": "http://unitsofmeasure.org",
    "code": "cm"
  },
  "effectivePeriod": {
    "start": "2019-12-23T09:30:10+01:00",
    "end": "2019-12-23T10:30:10+01:00"
  }
}
