{
  "resourceType": "Observation",
  "id": "exa-mii-icu-muv-linksventrikulaerer-schlagvolumenindex-durch-indikatorverduennung",
  "meta": {
    "profile": [
      "https://gematik.de/fhir/isik/StructureDefinition/sd-mii-icu-linksventri-schlagvolumenindex-durch-indikatorverd"
    ]
  },
  "status": "final",
  "category": [
    {
      "coding": [
        {
          "system": "http://terminology.hl7.org/CodeSystem/observation-category",
          "code": "vital-signs"
        }
      ]
    }
  ],
  "code": {
    "coding": [
      {
        "system": "http://loinc.org",
        "code": "8791-6",
        "display": "Left ventricular Stroke volume index by Indicator dilution"
      }
    ]
  },
  "subject": {
    "reference": "Patient/111"
  },
  "effectivePeriod": {
    "start": "2019-12-23T09:30:10+01:00",
    "end": "2019-12-23T10:30:10+01:00"
  },
  "valueQuantity": {
    "value": 1,
    "unit": "milliliter per square meter",
    "system": "http://unitsofmeasure.org",
    "code": "mL/m2"
  }
}
