{
  "resourceType": "Observation",
  "id": "exa-mii-icu-muv-rechtsventrikulaerer-druck",
  "meta": {
    "profile": [
      "https://gematik.de/fhir/isik/StructureDefinition/sd-mii-icu-rechtsventrikulaerer-druck"
    ]
  },
  "status": "final",
  "category": [
    {
      "coding": [
        {
          "system": "http://hl7.org/fhir/secondary-finding",
          "code": "vital-signs"
        }
      ]
    }
  ],
  "code": {
    "coding": [
      {
        "system": "http://snomed.info/sct",
        "code": "75367002"
      },
      {
        "system": "http://snomed.info/sct",
        "code": "276756009",
        "display": "Right ventricular pressure (observable entity)"
      },
      {
        "system": "urn:iso:std:iso:11073:10101",
        "code": "150104"
      }
    ]
  },
  "subject": {
    "reference": "Patient/111"
  },
  "effectiveDateTime": "2019-12-23T09:30:10+01:00",
  "component": [
    {
      "code": {
        "coding": [
          {
            "system": "http://loinc.org",
            "code": "8478-0"
          },
          {
            "system": "http://loinc.org",
            "code": "8406-1",
            "display": "Right ventricular Intrachamber mean pressure"
          },
          {
            "system": "urn:iso:std:iso:11073:10101",
            "code": "150107",
            "display": "Mean right ventricular pressure"
          }
        ]
      },
      "valueQuantity": {
        "value": 10,
        "unit": "millimeter Mercury column",
        "system": "http://unitsofmeasure.org",
        "code": "mm[Hg]"
      }
    },
    {
      "code": {
        "coding": [
          {
            "system": "http://loinc.org",
            "code": "8480-6"
          },
          {
            "system": "http://loinc.org",
            "code": "8432-7",
            "display": "Right ventricular Intrachamber systolic pressure"
          },
          {
            "system": "urn:iso:std:iso:11073:10101",
            "code": "150105",
            "display": "Systolic right ventricular pressure"
          }
        ]
      },
      "valueQuantity": {
        "value": 25,
        "unit": "millimeter Mercury column",
        "system": "http://unitsofmeasure.org",
        "code": "mm[Hg]"
      }
    },
    {
      "code": {
        "coding": [
          {
            "system": "http://loinc.org",
            "code": "8462-4"
          },
          {
            "system": "http://loinc.org",
            "code": "8377-4",
            "display": "Right ventricular Intrachamber diastolic pressure"
          },
          {
            "system": "urn:iso:std:iso:11073:10101",
            "code": "150106",
            "display": "Diastolic right ventricular pressure"
          }
        ]
      },
      "valueQuantity": {
        "value": 5,
        "unit": "millimeter Mercury column",
        "system": "http://unitsofmeasure.org",
        "code": "mm[Hg]"
      }
    }
  ]
}
