{
  "resourceType": "ValueSet",
  "id": "vs-mii-icu-code-observation-beatmung-snomed",
  "text": {
    "status": "empty",
    "div": "<div xmlns=\"http://www.w3.org/1999/xhtml\">No human-readable text provided in this case.</div>"
  },
  "url": "https://www.medizininformatik-initiative.de/fhir/ext/modul-icu/ValueSet/Code-Observation-Beatmung-SNOMED",
  "version": "1.0.0",
  "name": "VS_MII_ICU_Code_Observation_Beatmung_SNOMED",
  "title": "VS MII ICU Code Observation Beatmung [SNOMED]",
  "status": "active",
  "experimental": false,
  "date": "2022-01-06",
  "publisher": "https://www.medizininformatik-initiative.de",
  "description": "Dieses ValueSet enthält Codes für die im Kontext einer Beatmung eingestellten oder gemessenen Parametern.",
  "compose": {
    "include": [
      {
        "system": "http://snomed.info/sct",
        "concept": [
          {
            "code": "250822000",
            "display": "Inspiration/expiration time ratio (observable entity)"
          },
          {
            "code": "416811008",
            "display": "Tidal volume setting (observable entity)"
          },
          {
            "code": "250874002",
            "display": "Ventilator delivered tidal volume (observable entity)"
          },
          {
            "code": "250816009",
            "display": "Spontaneous tidal volume (observable entity)"
          },
          {
            "code": "426102006",
            "display": "Inspiratory minute volume (observable entity)"
          },
          {
            "code": "442720002",
            "display": "Expired oxygen tension (observable entity)"
          },
          {
            "code": "250823005",
            "display": "Total dynamic compliance (observable entity)"
          },
          {
            "code": "250854009",
            "display": "Positive end expiratory pressure (observable entity)"
          },
          {
            "code": "250784008",
            "display": "End tidal carbon dioxide concentration (observable entity)"
          },
          {
            "code": "250790007",
            "display": "End tidal carbon dioxide tension (observable entity)"
          },
          {
            "code": "250875001",
            "display": "Ventilator delivered minute volume (observable entity)"
          },
          {
            "code": "250820008",
            "display": "Expiratory time (observable entity)"
          },
          {
            "code": "250819002",
            "display": "Inspiratory time (observable entity)"
          },
          {
            "code": "27913002",
            "display": "Maximum inspiratory pressure (observable entity)"
          },
          {
            "code": "250876000",
            "display": "Ventilator rate (observable entity)"
          },
          {
            "code": "698821009",
            "display": "Mean inspiratory airway pressure (observable entity)"
          },
          {
            "code": "271625008",
            "display": "Rate of spontaneous respiration (observable entity)"
          },
          {
            "code": "250810003",
            "display": "Total breath rate (observable entity)"
          },
          {
            "code": "250774007",
            "display": "Inspired oxygen concentration (observable entity)"
          }
        ]
      }
    ]
  }
}
