{
  "resourceType": "ValueSet",
  "id": "vs-mii-icu-code-observation-beatmung-iso11073",
  "text": {
    "status": "empty",
    "div": "<div xmlns=\"http://www.w3.org/1999/xhtml\">No human-readable text provided in this case.</div>"
  },
  "url": "https://www.medizininformatik-initiative.de/fhir/ext/modul-icu/ValueSet/Code-Observation-Beatmung-ISO11073",
  "version": "1.0.0",
  "name": "VS_MII_ICU_Code_Observation_Beatmung_ISO11073",
  "title": "VS MII ICU Code Observation Beatmung [ISO11073]",
  "status": "active",
  "experimental": false,
  "date": "2022-01-06",
  "publisher": "https://www.medizininformatik-initiative.de",
  "description": "Dieses ValueSet enthält Codes für die im Kontext einer Beatmung eingestellten oder gemessenen Parametern.",
  "compose": {
    "include": [
      {
        "system": "urn:iso:std:iso:11073:10101",
        "concept": [
          {
            "code": "150656",
            "display": "Oxygenation Ratio"
          },
          {
            "code": "151586",
            "display": "Ventilation rate"
          },
          {
            "code": "152498",
            "display": "Unassisted spontaneous breath rate; respiration rate"
          },
          {
            "code": "152490",
            "display": "Total respiratory rate; total breath rate"
          },
          {
            "code": "16929632",
            "display": "Inspiratory time setting"
          },
          {
            "code": "151832",
            "display": "Ratio inspiration expiration time"
          },
          {
            "code": "16929196",
            "display": "Tidal volume setting"
          },
          {
            "code": "151980",
            "display": "Ventilation tidal volume"
          },
          {
            "code": "152004",
            "display": "Ventilation inspiratory minute volume"
          },
          {
            "code": "16929860",
            "display": "High pressure hold time setting Ventilator"
          },
          {
            "code": "16929864",
            "display": "Low pressure hold time setting Ventilator"
          },
          {
            "code": "151948",
            "display": "Ventilation inspiratory flow"
          },
          {
            "code": "151944",
            "display": "Ventilation expiratory flow"
          },
          {
            "code": "153132",
            "display": "Expired oxygen concentration (or partial pressure) in airway gas"
          },
          {
            "code": "151975",
            "display": "Mean pressure Respiratory system airway --on ventilator"
          },
          {
            "code": "151973",
            "display": "Pressure.max Respiratory system airway --on ventilator"
          },
          {
            "code": "151692",
            "display": "Thoracic compliance"
          },
          {
            "code": "151976",
            "display": "Applied PEEP"
          },
          {
            "code": "152720",
            "display": "Inspiratory airway pressure relative to PEEP or BAP"
          },
          {
            "code": "151708",
            "display": "End tidal carbon dioxide concentration (or partial pressure) in airway gas"
          }
        ]
      }
    ]
  }
}
