{
  "resourceType": "ValueSet",
  "id": "vs-mii-icu-unit-equivalent-ucum-percent-1",
  "text": {
    "status": "empty",
    "div": "<div xmlns=\"http://www.w3.org/1999/xhtml\">No human-readable text provided in this case.</div>"
  },
  "url": "https://www.medizininformatik-initiative.de/fhir/ext/modul-icu/ValueSet/ValueSet-Unit-equivalent-UCUM-percent-1",
  "version": "1.0.0",
  "name": "VS_MII_ICU_Unit_equivalent_percent_1",
  "title": "VS MII ICU Unit equivalent UCUM percent and 1",
  "status": "active",
  "experimental": false,
  "date": "2022-04-30",
  "publisher": "https://www.medizininformatik-initiative.de",
  "description": "Dieses ValueSet enthält äquivalente Codes für Prozent und 1",
  "compose": {
    "include": [
      {
        "system": "http://unitsofmeasure.org",
        "concept": [
          {
            "code": "%"
          },
          {
            "code": "1"
          }
        ]
      }
    ]
  }
}
