{
  "resourceType": "ValueSet",
  "url": "https://www.medizininformatik-initiative.de/fhir/ext/modul-icu/ValueSet/Code-Observation-extrakorporale-Verfahren-LOINC",
  "text": {
    "status": "empty",
    "div": "<div xmlns=\"http://www.w3.org/1999/xhtml\">No human-readable text provided in this case.</div>"
  },
  "id": "vs-mii-icu-code-observation-extrakorporale-verfahren-loinc",
  "version": "1.0.0",
  "name": "VS_MII_ICU_Code_Observation_extrakorporale_Verfahren_LOINC",
  "title": "VS MII ICU Code Observation extrakorporale Verfahren [LOINC]",
  "status": "active",
  "experimental": false,
  "date": "2022-01-06",
  "publisher": "https://www.medizininformatik-initiative.de",
  "description": "Dieses ValueSet enthält Codes für die im Kontext von extrakoralen Verfahren eingestellten oder gemessenen Parametern.",
  "compose": {
    "include": [
      {
        "system": "http://loinc.org",
        "concept": [
          {
            "code": "83064-6",
            "display": "Calcium.ionized [Moles/volume] in Blood drawn from CRRT circuit"
          },
          {
            "code": "19941-4",
            "display": "Oxygen gas flow Oxygen delivery system"
          }
        ]
      }
    ]
  }
}
