{
  "resourceType": "Observation",
  "id": "exa-mii-icu-vent-dynamische-kompliance",
  "meta": {
    "profile": [
      "https://www.medizininformatik-initiative.de/fhir/ext/modul-icu/StructureDefinition/dynamische-kompliance"
    ]
  },
  "partOf": [
    {
      "reference": "Procedure/example"
    }
  ],
  "status": "final",
  "category": [
    {
      "coding": [
        {
          "system": "http://snomed.info/sct",
          "code": "40617009",
          "display": "Artificial respiration (procedure)"
        }
      ]
    }
  ],
  "code": {
    "coding": [
      {
        "system": "http://loinc.org",
        "code": "60827-3",
        "display": "Dynamic lung compliance"
      },
      {
        "system": "http://snomed.info/sct",
        "code": "250823005",
        "display": "Total dynamic compliance (observable entity)"
      },
      {
        "system": "urn:iso:std:iso:11073:10101",
        "code": "151692",
        "display": "Thoracic compliance"
      }
    ]
  },
  "subject": {
    "reference": "Patient/111"
  },
  "effectivePeriod": {
    "start": "2019-12-23T09:30:10+01:00",
    "end": "2019-12-23T10:30:10+01:00"
  },
  "valueQuantity": {
    "value": 200.0,
    "system": "http://unitsofmeasure.org",
    "code": "mL/cm[H2O]"
  },
  "device": {
    "reference": "DeviceMetric/Example_Gemessene_Parameter_Beatmung"
  }
}
