{
  "resourceType": "Observation",
  "id": "exa-mii-icu-vent-positiv-endexpiratorischer-druck-gemessen",
  "meta": {
    "profile": [
      "https://www.medizininformatik-initiative.de/fhir/ext/modul-icu/StructureDefinition/positiv-endexpiratorischer-druck"
    ]
  },
  "partOf": [
    {
      "reference": "Procedure/example"
    }
  ],
  "status": "final",
  "category": [
    {
      "coding": [
        {
          "system": "http://snomed.info/sct",
          "code": "40617009",
          "display": "Artificial respiration (procedure)"
        }
      ]
    }
  ],
  "code": {
    "coding": [
      {
        "system": "http://loinc.org",
        "code": "76248-4",
        "display": "PEEP Respiratory system --on ventilator"
      },
      {
        "system": "http://snomed.info/sct",
        "code": "250854009",
        "display": "Positive end expiratory pressure (observable entity)"
      },
      {
        "system": "urn:iso:std:iso:11073:10101",
        "code": "151976",
        "display": "Applied PEEP"
      }
    ]
  },
  "subject": {
    "reference": "Patient/111"
  },
  "effectivePeriod": {
    "start": "2019-12-23T09:30:10+01:00",
    "end": "2019-12-23T10:30:10+01:00"
  },
  "valueQuantity": {
    "value": 10.0,
    "system": "http://unitsofmeasure.org",
    "code": "cm[H2O]"
  },
  "device": {
    "reference": "DeviceMetric/Example_Gemessene_Parameter_Beatmung"
  }
}
