{
  "resourceType": "Observation",
  "id": "exa-mii-icu-muv-herzzeitvolumen",
  "meta": {
    "profile": [
      "https://gematik.de/fhir/isik/StructureDefinition/sd-mii-icu-herzzeitvolumen"
    ]
  },
  "status": "final",
  "category": [
    {
      "coding": [
        {
          "system": "http://terminology.hl7.org/CodeSystem/observation-category",
          "code": "vital-signs"
        }
      ]
    }
  ],
  "code": {
    "coding": [
      {
        "system": "http://loinc.org",
        "code": "8741-1",
        "display": "Left ventricular Cardiac output"
      },
      {
        "system": "http://snomed.info/sct",
        "code": "82799009",
        "display": "Cardiac output (observable entity)"
      },
      {
        "system": "urn:iso:std:iso:11073:10101",
        "code": "150276",
        "display": "Cardiac output"
      }
    ]
  },
  "subject": {
    "reference": "Patient/111"
  },
  "effectivePeriod": {
    "start": "2019-12-23T09:30:10+01:00",
    "end": "2019-12-23T10:30:10+01:00"
  },
  "valueQuantity": {
    "value": 5,
    "unit": "liter per minute",
    "system": "http://unitsofmeasure.org",
    "code": "L/min"
  }
}
