{
  "resourceType": "Observation",
  "id": "exa-mii-icu-muv-koerpertemperatur-leiste",
  "meta": {
    "profile": [
      "https://gematik.de/fhir/isik/StructureDefinition/sd-mii-icu-koerpertemperatur-leiste"
    ]
  },
  "status": "final",
  "category": [
    {
      "coding": [
        {
          "system": "http://terminology.hl7.org/CodeSystem/observation-category",
          "code": "vital-signs"
        }
      ]
    }
  ],
  "code": {
    "coding": [
      {
        "system": "http://snomed.info/sct",
        "code": "415929009",
        "display": "Estimated core body temperature measured in inguinal region (observable entity)"
      },
      {
        "system": "http://loinc.org",
        "code": "104063-3",
		"display": "Body temperature"
      }
    ]
  },
  "subject": {
    "reference": "Patient/111"
  },
  "effectivePeriod": {
    "start": "2019-12-23T09:30:10+01:00",
    "end": "2019-12-23T10:30:10+01:00"
  },
  "valueQuantity": {
    "value": 37,
    "system": "http://unitsofmeasure.org",
    "code": "Cel",
    "unit": "degree Celsius"
  },
  "bodySite": {
    "coding": [
      {
        "system": "http://snomed.info/sct",
        "code": "26893007",
        "display": "Inguinal region structure (body structure)"
      }
    ]
  }
}
