{
  "resourceType": "Observation",
  "id": "exa-mii-icu-muv-koerpertemperatur-kern",
  "meta": {
    "profile": [
      "https://gematik.de/fhir/isik/StructureDefinition/sd-mii-icu-koerpertemperatur-kern"
    ]
  },
  "status": "final",
  "category": [
    {
      "coding": [
        {
          "system": "http://terminology.hl7.org/CodeSystem/observation-category",
          "code": "vital-signs"
        }
      ]
    }
  ],
  "code": {
    "coding": [
      {
        "system": "http://loinc.org",
        "code": "8329-5",
        "display": "Body temperature - Core"
      },
      {
        "system": "http://snomed.info/sct",
        "code": "276885007",
        "display": "Core body temperature (observable entity)"
      },
      {
        "system": "urn:iso:std:iso:11073:10101",
        "code": "150368",
        "display": "Body temperature - Core"
      },
      {
        "system": "http://loinc.org",
        "code": "8310-5",
        "display": "Body temperature"
      }
    ]
  },
  "subject": {
    "reference": "Patient/111"
  },
  "effectivePeriod": {
    "start": "2019-12-23T09:30:10+01:00",
    "end": "2019-12-23T10:30:10+01:00"
  },
  "valueQuantity": {
    "value": 37,
    "system": "http://unitsofmeasure.org",
    "code": "Cel",
    "unit": "degree Celsius"
  }
}
