{
  "resourceType": "Observation",
  "id": "exa-mii-icu-vent-maximaler-beatmungsdruck-eingestellt",
  "meta": {
    "profile": [
      "https://www.medizininformatik-initiative.de/fhir/ext/modul-icu/StructureDefinition/maximaler-beatmungsdruck"
    ]
  },
  "partOf": [
    {
      "reference": "Procedure/example"
    }
  ],
  "status": "final",
  "category": [
    {
      "coding": [
        {
          "system": "http://snomed.info/sct",
          "code": "40617009",
          "display": "Artificial respiration (procedure)"
        }
      ]
    }
  ],
  "code": {
    "coding": [
      {
        "system": "http://loinc.org",
        "code": "76531-3",
        "display": "Pressure.max Respiratory system airway --on ventilator"
      },
      {
        "system": "http://snomed.info/sct",
        "code": "27913002",
        "display": "Maximum inspiratory pressure (observable entity)"
      },
      {
        "system": "urn:iso:std:iso:11073:10101",
        "code": "151973",
        "display": "Pressure.max Respiratory system airway --on ventilator"
      }
    ]
  },
  "subject": {
    "reference": "Patient/111"
  },
  "effectivePeriod": {
    "start": "2019-12-23T09:30:10+01:00",
    "end": "2019-12-23T10:30:10+01:00"
  },
  "valueQuantity": {
    "value": 25.0,
    "system": "http://unitsofmeasure.org",
    "code": "cm[H2O]"
  },
  "device": {
    "reference": "DeviceMetric/Example_Eingestellte_Parameter_Beatmung"
  }
}
