{
  "resourceType": "Observation",
  "id": "exa-mii-icu-muv-herzfrequenz",
  "meta": {
    "profile": [
      "https://www.medizininformatik-initiative.de/fhir/ext/modul-icu/StructureDefinition/herzfrequenz"
    ]
  },
  "status": "final",
  "category": [
    {
      "coding": [
        {
          "system": "http://terminology.hl7.org/CodeSystem/observation-category",
          "code": "vital-signs"
        }
      ]
    }
  ],
  "code": {
    "coding": [
      {
        "system": "http://loinc.org",
        "code": "8867-4",
        "display": "Heart Rate"
      },
      {
        "system": "http://snomed.info/sct",
        "code": "364075005",
        "display": "Heart rate (observable entity)"
      },
      {
        "system": "urn:iso:std:iso:11073:10101",
        "code": "147842",
        "display": "Heart Rate"
      }
    ]
  },
  "subject": {
    "reference": "Patient/111"
  },
  "effectivePeriod": {
    "start": "2019-12-23T09:30:10+01:00",
    "end": "2019-12-23T10:30:10+01:00"
  },
  "valueQuantity": {
    "value": 70,
    "unit": "beats per minute",
    "system": "http://unitsofmeasure.org",
    "code": "/min"
  }
}
