{
  "resourceType": "Observation",
  "id": "exa-mii-icu-ecmo-ionisiertes-kalzium-aus-nierenersatzverfahren",
  "meta": {
    "profile": [
      "https://www.medizininformatik-initiative.de/fhir/ext/modul-icu/StructureDefinition/ionisiertes-kalzium-nierenersatzverfahren"
    ]
  },
  "partOf": [
    {
      "reference": "Procedure/Example_extrakorporales_Verfahren"
    }
  ],
  "status": "final",
  "category": [
    {
      "coding": [
        {
          "system": "http://snomed.info/sct",
          "code": "182744004",
          "display": "Extracorporeal circulation procedure (procedure)"
        }
      ]
    }
  ],
  "code": {
    "coding": [
      {
        "system": "http://loinc.org",
        "code": "83064-6",
        "display": "Calcium.ionized [Moles/volume] in Blood drawn from CRRT circuit"
      }
    ]
  },
  "subject": {
    "reference": "Patient/111"
  },
  "effectivePeriod": {
    "start": "2019-12-23T09:30:10+01:00",
    "end": "2019-12-23T10:30:10+01:00"
  },
  "valueQuantity": {
    "value": 0.2,
    "system": "http://unitsofmeasure.org",
    "code": "mmol/L"
  },
  "device": {
    "reference": "DeviceMetric/Example_Gemessene_Parameter_extrakorporale_Verfahren"
  }
}
