{
    "resourceType": "SearchParameter",
    "id": "sp-mii-icu-observation-referencerange",
    "url": "https://www.medizininformatik-initiative.de/fhir/ext/modul-icu/SearchParameter/observation-referencerange",
    "version": "2024.0.0-ballot",
    "publisher": "Medizininformatik Initiative",
    "contact":  [
        {
            "telecom":  [
                {
                    "system": "url",
                    "value": "https://www.medizininformatik-initiative.de"
                }
            ]
        }
    ],
    "name": "SP_MII_ICU_Observation_ReferenceRange",
    "status": "active",
    "experimental": false,
    "date": "2024-01-02",
    "description": "Suchparameter für Observation.referenceRange",
    "code": "reference-range",
    "base":  [
        "Observation"
    ],
    "type": "composite",
    "expression": "Observation.referenceRange | Observation.component.referenceRange",
    "component": [
        {
          "definition": "https://www.medizininformatik-initiative.de/fhir/ext/modul-icu/SearchParameter/observation-referencerange-high",
          "expression": "high"
        },
        {
          "definition": "https://www.medizininformatik-initiative.de/fhir/ext/modul-icu/SearchParameter/observation-referencerange-low",
          "expression": "low"
        }
    ]
}