{
    "resourceType": "SearchParameter",
    "id": "sp-mii-icu-observation-interpretation",
    "url": "https://www.medizininformatik-initiative.de/fhir/ext/modul-icu/SearchParameter/observation-interpretation",
    "version": "2024.0.0-ballot",
    "publisher": "Medizininformatik Initiative",
    "contact":  [
        {
            "telecom":  [
                {
                    "system": "url",
                    "value": "https://www.medizininformatik-initiative.de"
                }
            ]
        }
    ],
    "name": "SP_MII_ICU_Observation_Interpretation",
    "status": "active",
    "experimental": false,
    "date": "2024-01-02",
    "description": "Suchparameter für Observation.interpretation",
    "code": "interpretation",
    "base":  [
        "Observation"
    ],
    "type": "token",
    "expression": "Observation.interpretation | Observation.component.interpretation"
}