{
  "resourceType": "ValueSet",
  "id": "vs-mii-icu-unit-equivalent-ucum-dyn-s-cm5-m2",
  "text": {
    "status": "empty",
    "div": "<div xmlns=\"http://www.w3.org/1999/xhtml\">No human-readable text provided in this case.</div>"
  },
  "url": "https://www.medizininformatik-initiative.de/fhir/ext/modul-icu/ValueSet/ValueSet-Unit-equivalent-UCUM-dyn-s-cm5-m2",
  "version": "1.0.0",
  "name": "VS_MII_ICU_Unit_equivalent_UCUM_dyn_s_cm5_m2",
  "title": "VS MII ICU Unit equivalent UCUM dyn and s per cm^5 and squaremeter",
  "status": "active",
  "experimental": false,
  "date": "2022-04-30",
  "publisher": "https://www.medizininformatik-initiative.de",
  "description": "Dieses ValueSet enthält äquivalente Codes für dyn.s/cm5/m2.",
  "compose": {
    "include": [
      {
        "system": "http://unitsofmeasure.org",
        "concept": [
          {
            "code": "dyn.s/(cm5.m2)"
          },
          {
            "code": "(dyn.s)/(cm5.m2)"
          },
          {
            "code": "dyn.s/cm5/m2"
          },
          {
            "code": "(dyn.s)/cm5/m2"
          }
        ]
      }
    ]
  }
}
