{
  "resourceType": "ValueSet",
  "id": "vs-mii-icu-code-observation-bilanzen-loinc",
  "text": {
    "status": "empty",
    "div": "<div xmlns=\"http://www.w3.org/1999/xhtml\">No human-readable text provided in this case.</div>"
  },
  "url": "https://www.medizininformatik-initiative.de/fhir/ext/modul-icu/ValueSet/Code-Observation-Bilanzen-LOINC",
  "version": "1.0.0",
  "name": "VS_MII_ICU_Code_Observation_Bilanzen_LOINC",
  "title": "VS MII ICU Code Observation Bilanzen [LOINC]",
  "status": "active",
  "experimental": false,
  "date": "2024-04-06",
  "publisher": "https://www.medizininformatik-initiative.de",
  "description": "Dieses ValueSet enthält Codes für die im Kontext einer Bilanz verwendeten Parameter.",
  "compose": {
    "include": [
      {
        "system": "http://loinc.org",
        "concept": [
          {
            "code": "99741-1"
          },
          {
            "code": "9203-1"
          },
          {
            "code": "9257-7"
          },
          {
            "code": "9113-2"
          },
          {
            "code": "79561-7"
          },
          {
            "code": "9167-8"
          },
          {
            "code": "9187-6"
          },
          {
            "code": "81661-1"
          },
          {
            "code": "8953-2"
          },
          {
            "code": "9000-1"
          },
          {
            "code": "9103-3"
          },
          {
            "code": "9097-7"
          }
        ]
      }
    ]
  }
}
