{
  "resourceType": "Observation",
  "id": "exa-mii-icu-muv-atemfrequenz",
  "meta": {
    "profile": [
      "https://www.medizininformatik-initiative.de/fhir/ext/modul-icu/StructureDefinition/atemfrequenz"
    ]
  },
  "status": "final",
  "category": [
    {
      "coding": [
        {
          "system": "http://terminology.hl7.org/CodeSystem/observation-category",
          "code": "vital-signs"
        }
      ]
    }
  ],
  "code": {
    "coding": [
      {
        "system": "http://snomed.info/sct",
        "code": "86290005",
        "display": "Respiratory rate (observable entity)"
      },
      {
        "system": "http://loinc.org",
        "code": "9279-1",
        "display": "Respiratory Rate"
      }
    ]
  },
  "subject": {
    "reference": "Patient/example"
  },
  "effectivePeriod": {
    "start": "2019-12-23T09:30:10+01:00",
    "end": "2019-12-23T10:30:10+01:00"
  },
  "valueQuantity": {
    "value": 15,
    "unit": "breaths per minute",
    "system": "http://unitsofmeasure.org",
    "code": "/min"
  }
}
