{
  "resourceType": "Observation",
  "id": "exa-mii-icu-muv-ideales-koerpergewicht",
  "meta": {
    "profile": [
      "https://gematik.de/fhir/isik/StructureDefinition/sd-mii-icu-ideales-koerpergewicht"
    ]
  },
  "status": "final",
  "category": [
    {
      "coding": [
        {
          "system": "http://terminology.hl7.org/CodeSystem/observation-category",
          "code": "vital-signs"
        }
      ]
    }
  ],
  "code": {
    "coding": [
      {
        "system": "http://loinc.org",
        "code": "50064-5",
        "display": "Ideal body weight"
      },
      {
        "system": "http://snomed.info/sct",
        "code": "170804003",
        "display": "Ideal body weight (observable entity)"
      },
      {
        "system": "urn:iso:std:iso:11073:10101",
        "code": "188796",
        "display": "Ideal body weight (IBW)"
      }
    ]
  },
  "subject": {
    "reference": "Patient/111"
  },
  "effectivePeriod": {
    "start": "2019-12-23T09:30:10+01:00",
    "end": "2019-12-23T10:30:10+01:00"
  },
  "valueQuantity": {
    "value": 70,
    "unit": "kilogram",
    "system": "http://unitsofmeasure.org",
    "code": "kg"
  }
}
