{
  "resourceType": "Observation",
  "id": "exa-mii-icu-muv-sauerstoffsaettigung-im-arteriellen-blut-durch-pulsoxymetrie",
  "meta": {
    "profile": [
      "https://gematik.de/fhir/isik/StructureDefinition/sd-mii-icu-o2saettigung-im-arteriellen-blut-durch-pulsoxymetrie"
    ]
  },
  "status": "final",
  "category": [
    {
      "coding": [
        {
          "system": "http://terminology.hl7.org/CodeSystem/observation-category",
          "code": "vital-signs"
        }
      ]
    }
  ],
  "code": {
    "coding": [
      {
        "system": "http://snomed.info/sct",
        "code": "442476006",
        "display": "Arterial oxygen saturation (observable entity)"
      },
      {
        "system": "http://loinc.org",
        "code": "59408-5",
        "display": "Oxygen saturation in Arterial blood by Pulse oximetry"
      },
      {
        "system": "urn:iso:std:iso:11073:10101",
        "code": "150324"
      },
      {
        "system": "http://loinc.org",
        "code": "2708-6"
      }
    ]
  },
  "subject": {
    "reference": "Patient/111"
  },
  "effectivePeriod": {
    "start": "2019-12-23T09:30:10+01:00",
    "end": "2019-12-23T10:30:10+01:00"
  },
  "valueQuantity": {
    "value": 98,
    "unit": "percent",
    "system": "http://unitsofmeasure.org",
    "code": "%"
  },
  "bodySite": {
    "coding": [
      {
        "system": "http://snomed.info/sct",
        "code": "11527006",
        "display": "Arterial system structure (body structure)"
      }
    ]
  }
}
