{
  "resourceType": "Observation",
  "id": "exa-mii-icu-muv-koerpergroesse-percentil",
  "meta": {
    "profile": [
      "https://gematik.de/fhir/isik/StructureDefinition/sd-mii-icu-koerpergroesse-percentil-altersabhaengig"
    ]
  },
  "status": "final",
  "category": [
    {
      "coding": [
        {
          "system": "http://terminology.hl7.org/CodeSystem/observation-category",
          "code": "vital-signs"
        }
      ]
    }
  ],
  "code": {
    "coding": [
      {
        "system": "http://snomed.info/sct",
        "code": "1153605006",
        "display": "Body height for age percentile (observable entity)"
      }
    ]
  },
  "subject": {
    "reference": "Patient/111"
  },
  "effectivePeriod": {
    "start": "2019-12-23T09:30:10+01:00",
    "end": "2019-12-23T10:30:10+01:00"
  },
  "valueQuantity": {
    "value": 50,
    "unit": "percent",
    "system": "http://unitsofmeasure.org",
    "code": "%"
  }
}
