{
  "resourceType": "Observation",
  "id": "exa-mii-icu-vent-atemzugvolumen-waehrend-beatmung-gemessen",
  "meta": {
    "profile": [
      "https://www.medizininformatik-initiative.de/fhir/ext/modul-icu/StructureDefinition/atemzugvolumen-waehrend-beatmung"
    ]
  },
  "partOf": [
    {
      "reference": "Procedure/example"
    }
  ],
  "status": "final",
  "category": [
    {
      "coding": [
        {
          "system": "http://snomed.info/sct",
          "code": "40617009",
          "display": "Artificial respiration (procedure)"
        }
      ]
    }
  ],
  "code": {
    "coding": [
      {
        "system": "http://loinc.org",
        "code": "76222-9",
        "display": "Tidal volume Ventilator --on ventilator"
      },
      {
        "system": "http://snomed.info/sct",
        "code": "250874002",
        "display": "Ventilator delivered tidal volume (observable entity)"
      },
      {
        "system": "urn:iso:std:iso:11073:10101",
        "code": "151980",
        "display": "Ventilation tidal volume"
      }
    ]
  },
  "subject": {
    "reference": "Patient/111"
  },
  "effectivePeriod": {
    "start": "2019-12-23T09:30:10+01:00",
    "end": "2019-12-23T10:30:10+01:00"
  },
  "valueQuantity": {
    "value": 500.0,
    "system": "http://unitsofmeasure.org",
    "code": "mL"
  },
  "device": {
    "reference": "DeviceMetric/Example_Gemessene_Parameter_Beatmung"
  }
}
