{
  "resourceType": "Procedure",
  "id": "exa-mii-icu-vent-beatmung",
  "meta": {
    "profile": [
      "https://www.medizininformatik-initiative.de/fhir/ext/modul-icu/StructureDefinition/beatmung"
    ]
  },
  "status": "completed",
  "category": {
    "coding": [
      {
        "system": "http://snomed.info/sct",
        "code": "40617009",
        "display": "Artificial respiration (procedure)"
      }
    ]
  },
  "code": {
    "coding": [
      {
        "system": "http://snomed.info/sct",
        "code": "1149092001",
        "display": "Positive pressure airway ventilation (regime/therapy)"
      }
    ]
  },
  "subject": {
    "type": "Patient",
    "identifier": {
      "system": "http://example.com",
      "value": "1234"
    }
  },
  "encounter": {
    "type": "Encounter",
    "identifier": {
      "system": "http://example.com",
      "value": "5678"
    }
  },
  "performedPeriod": {
    "start": "2021-12-28T13:40:00+01:00",
    "end": "2021-12-28T14:34:00+01:00"
  }
}
