{
  "resourceType": "Observation",
  "id": "exa-mii-icu-ecmo-parameter-von-extrakorporalen-verfahren",
  "meta": {
    "profile": [
      "https://www.medizininformatik-initiative.de/fhir/ext/modul-icu/StructureDefinition/parameter-von-extrakorporalen-verfahren"
    ]
  },
  "partOf": [
    {
      "reference": "Procedure/example"
    }
  ],
  "status": "final",
  "category": [
    {
      "coding": [
        {
          "system": "http://snomed.info/sct",
          "code": "182744004",
          "display": "Extracorporeal circulation procedure (procedure)"
        }
      ]
    }
  ],
  "code": {
    "coding": [
      {
        "system": "http://snomed.info/sct",
        "code": "386534000",
        "display": "Arterial blood pressure (observable entity)"
      }
    ]
  },
  "subject": {
    "reference": "Patient/example"
  },
  "effectivePeriod": {
    "start": "2019-12-23T09:30:10+01:00",
    "end": "2019-12-23T10:30:10+01:00"
  },
  "valueQuantity": {
    "value": 90,
    "unit": "millimeter Mercury column",
    "system": "http://unitsofmeasure.org",
    "code": "mm[Hg]"
  }
}
