{
  "resourceType": "Observation",
  "id": "exa-mii-icu-vent-inspiratorische-sauerstofffraktion-eingestellt",
  "meta": {
    "profile": [
      "https://www.medizininformatik-initiative.de/fhir/ext/modul-icu/StructureDefinition/inspiratorische-sauerstofffraktion-eingestellt"
    ]
  },
  "partOf": [
    {
      "reference": "Procedure/example"
    }
  ],
  "status": "final",
  "category": [
    {
      "coding": [
        {
          "system": "http://snomed.info/sct",
          "code": "40617009",
          "display": "Artificial respiration (procedure)"
        }
      ]
    }
  ],
  "code": {
    "coding": [
      {
        "system": "http://snomed.info/sct",
        "code": "250774007",
        "display": "Inspired oxygen concentration (observable entity)"
      },
      {
        "system": "http://loinc.org",
        "code": "19994-3",
        "display": "Oxygen/Total gas setting [Volume Fraction] Ventilator"
      }
    ]
  },
  "subject": {
    "reference": "Patient/111"
  },
  "effectivePeriod": {
    "start": "2019-12-23T09:30:10+01:00",
    "end": "2019-12-23T10:30:10+01:00"
  },
  "valueQuantity": {
    "value": 0.3,
    "system": "http://unitsofmeasure.org",
    "code": "%"
  },
  "device": {
    "reference": "DeviceMetric/Example_Eingestellte_Parameter_Beatmung"
  }
}
