{
  "resourceType": "Observation",
  "id": "exa-mii-icu-vent-spontanes-atemzugvolumen",
  "meta": {
    "profile": [
      "https://www.medizininformatik-initiative.de/fhir/ext/modul-icu/StructureDefinition/spontanes-atemzugvolumen"
    ]
  },
  "partOf": [
    {
      "reference": "Procedure/example"
    }
  ],
  "status": "final",
  "category": [
    {
      "coding": [
        {
          "system": "http://snomed.info/sct",
          "code": "40617009",
          "display": "Artificial respiration (procedure)"
        }
      ]
    }
  ],
  "code": {
    "coding": [
      {
        "system": "http://loinc.org",
        "code": "20116-0",
        "display": "Tidal volume.spontaneous --on ventilator"
      },
      {
        "system": "http://snomed.info/sct",
        "code": "250816009",
        "display": "Spontaneous tidal volume (observable entity)"
      }
    ]
  },
  "subject": {
    "reference": "Patient/111"
  },
  "effectivePeriod": {
    "start": "2019-12-23T09:30:10+01:00",
    "end": "2019-12-23T10:30:10+01:00"
  },
  "valueQuantity": {
    "value": 500.0,
    "system": "http://unitsofmeasure.org",
    "code": "mL"
  },
  "device": {
    "reference": "DeviceMetric/Example_Gemessene_Parameter_Beatmung"
  }
}
