{
  "resourceType": "Observation",
  "id": "exa-mii-icu-vent-eingestellter-inspiratorischer-gasfluss",
  "meta": {
    "profile": [
      "https://www.medizininformatik-initiative.de/fhir/ext/modul-icu/StructureDefinition/eingestellter-inspiratorischer-gasfluss"
    ]
  },
  "partOf": [
    {
      "reference": "Procedure/example"
    }
  ],
  "status": "final",
  "category": [
    {
      "coding": [
        {
          "system": "http://snomed.info/sct",
          "code": "40617009",
          "display": "Artificial respiration (procedure)"
        }
      ]
    }
  ],
  "code": {
    "coding": [
      {
        "system": "http://loinc.org",
        "code": "76275-7",
        "display": "Inspiratory flow setting Ventilator"
      }
    ]
  },
  "subject": {
    "reference": "Patient/111"
  },
  "effectivePeriod": {
    "start": "2019-12-23T09:30:10+01:00",
    "end": "2019-12-23T10:30:10+01:00"
  },
  "valueQuantity": {
    "value": 80.0,
    "system": "http://unitsofmeasure.org",
    "code": "L/min"
  },
  "device": {
    "reference": "DeviceMetric/Example_Eingestellte_Parameter_Beatmung"
  }
}
