{
  "resourceType": "Observation",
  "id": "exa-mii-icu-vent-inspiratorische-sauerstofffraktion-gemessen",
  "meta": {
    "profile": [
      "https://www.medizininformatik-initiative.de/fhir/ext/modul-icu/StructureDefinition/inspiratorische-sauerstofffraktion-gemessen"
    ]
  },
  "partOf": [
    {
      "reference": "Procedure/example"
    }
  ],
  "status": "final",
  "category": [
    {
      "coding": [
        {
          "system": "http://snomed.info/sct",
          "code": "40617009",
          "display": "Artificial respiration (procedure)"
        }
      ]
    }
  ],
  "code": {
    "coding": [
      {
        "system": "http://snomed.info/sct",
        "code": "27913002",
        "display": "Maximum inspiratory pressure (observable entity)"
      },
      {
        "system": "http://snomed.info/sct",
        "code": "250774007",
        "display": "Inspired oxygen concentration (observable entity)"
      },
      {
        "system": "http://loinc.org",
        "code": "71835-3",
        "display": "Oxygen/Gas total [Pure volume fraction] Inhaled gas"
      }
    ]
  },
  "subject": {
    "reference": "Patient/111"
  },
  "effectivePeriod": {
    "start": "2019-12-23T09:30:10+01:00",
    "end": "2019-12-23T10:30:10+01:00"
  },
  "valueQuantity": {
    "value": 0.3,
    "system": "http://unitsofmeasure.org",
    "code": "1"
  },
  "device": {
    "reference": "DeviceMetric/Example_Gemessene_Parameter_Beatmung"
  }
}
