{
  "resourceType": "ValueSet",
  "url": "https://www.medizininformatik-initiative.de/fhir/ext/modul-icu/ValueSet/Code-Observation-extrakorporale-Verfahren-SNOMED",
  "text": {
    "status": "empty",
    "div": "<div xmlns=\"http://www.w3.org/1999/xhtml\">No human-readable text provided in this case.</div>"
  },
  "id": "vs-mii-icu-code-observation-extrakorporale-verfahren-snomed",
  "version": "1.0.0",
  "name": "VS_MII_ICU_Code_Observation_extrakorporale_Verfahren_SNOMED",
  "title": "VS MII ICU Code Observation extrakorporale Verfahren [SNOMED]",
  "status": "active",
  "experimental": false,
  "date": "2022-01-06",
  "publisher": "https://www.medizininformatik-initiative.de",
  "description": "Dieses ValueSet enthält Codes für die im Kontext von extrakoralen Verfahren eingestellten oder gemessenen Parametern.",
  "compose": {
    "include": [
      {
        "system": "http://snomed.info/sct",
        "concept": [
          {
            "code": "444479000",
            "display": "Rate of blood flow through cardiovascular device (observable entity)"
          },
          {
            "code": "445940005",
            "display": "Duration of hemodialysis session (observable entity)"
          },
          {
            "code": "401000124105",
            "display": "Duration of hemodialysis session (observable entity)"
          },
          {
            "code": "708513005",
            "display": "Substitution flow rate (observable entity)"
          },
          {
            "code": "708514004",
            "display": "Substitution volume (observable entity)"
          },
          {
            "code": "251286000",
            "display": "Extracorporeal gas exchange duration (observable entity)"
          },
          {
            "code": "251288004",
            "display": "Extracorporeal gas exchange flow rate (observable entity)"
          },
          {
            "code": "251289007",
            "display": "Extracorporeal gas exchange flow index (observable entity)"
          },
          {
            "code": "252076005",
            "display": "Venous pressure (observable entity)"
          },
          {
            "code": "386534000",
            "display": "Arterial blood pressure (observable entity)"
          },
          {
            "code": "79063001",
            "display": "Gas flow rate (v) (observable entity)"
          }
        ]
      }
    ]
  }
}
