{
  "resourceType": "ValueSet",
  "url": "https://www.medizininformatik-initiative.de/fhir/ext/modul-icu/ValueSet/code-observation-extrakorporale-verfahren-iso11073",
  "text": {
    "status": "empty",
    "div": "<div xmlns=\"http://www.w3.org/1999/xhtml\">No human-readable text provided in this case.</div>"
  },
  "id": "vs-mii-icu-code-observation-extrakorporale-verfahren-iso11073",
  "version": "1.0.0",
  "name": "VS_MII_ICU_Code_Observation_extrakorporale_Verfahren_ISO11073",
  "title": "VS MII ICU Code Observation extrakorporale Verfahren [ISO11073]",
  "status": "active",
  "experimental": false,
  "date": "2022-01-06",
  "publisher": "https://www.medizininformatik-initiative.de",
  "description": "Dieses ValueSet enthält Codes für die im Kontext von extrakoralen Verfahren eingestellten oder gemessenen Parametern."
}
