{
  "resourceType": "ValueSet",
  "id": "vs-mii-icu-bodysite-observation-beatmung",
  "text": {
    "status": "empty",
    "div": "<div xmlns=\"http://www.w3.org/1999/xhtml\">No human-readable text provided in this case.</div>"
  },
  "url": "https://www.medizininformatik-initiative.de/fhir/ext/modul-icu/ValueSet/BodySite-Observation-Beatmung",
  "version": "1.0.0",
  "name": "VS_MII_ICU_BodySite_Observation_Beatmung",
  "title": "VS MII ICU BodySite Observation Beatmung",
  "status": "active",
  "experimental": false,
  "date": "2022-06-03",
  "publisher": "https://www.medizininformatik-initiative.de",
  "description": "Dieses ValueSet enthält Codes für bodySites für die im Kontext einer Beatmung eingestellten oder gemessenen Parametern.",
  "compose": {
    "include": [
      {
        "system": "http://snomed.info/sct",
        "concept": [
          {
            "code": "11527006"
          },
          {
            "code": "89187006"
          },
          {
            "code": "181216001"
          }
        ]
      }
    ]
  }
}
