{
  "resourceType": "ValueSet",
  "id": "vs-mii-icu-code-observation-bilanzen-iso11073",
  "text": {
    "status": "empty",
    "div": "<div xmlns=\"http://www.w3.org/1999/xhtml\">No human-readable text provided in this case.</div>"
  },
  "url": "https://www.medizininformatik-initiative.de/fhir/ext/modul-icu/ValueSet/Code-Observation-Bilanzen-ISO11073",
  "version": "1.0.0",
  "name": "VS_MII_ICU_Code_Observation_Bilanzen_ISO11073",
  "title": "VS MII ICU Code Observation Bilanzen [ISO11073]",
  "status": "active",
  "experimental": false,
  "date": "2024-04-06",
  "publisher": "https://www.medizininformatik-initiative.de",
  "description": "Dieses ValueSet enthält Codes für die im Kontext einer Bilanz verwendeten Parameter.",
  "compose": {
    "include": [
      {
        "system": "urn:iso:std:iso:11073:10101",
        "concept": [
          {
            "code": "26668"
          },
          {
            "code": "26672"
          },
          {
            "code": "26684"
          }
        ]
      }
    ]
  }
}
