{
  "resourceType": "StructureDefinition",
  "id": "sd-mii-icu-ionisiertes-kalzium-nierenersatzverfahren",
  "text": {
    "status": "empty",
    "div": "<div xmlns=\"http://www.w3.org/1999/xhtml\">No human-readable text provided in this case.</div>"
  },
  "url": "https://www.medizininformatik-initiative.de/fhir/ext/modul-icu/StructureDefinition/ionisiertes-kalzium-nierenersatzverfahren",
  "version": "1.0.0",
  "name": "SD_MII_ICU_Ionisiertes_Kalzium_Nierenersatzverfahren",
  "title": "SD MII ICU Ionisiertes Kalzium Nierenersatzverfahren",
  "status": "active",
  "fhirVersion": "4.0.1",
  "kind": "resource",
  "abstract": false,
  "type": "Observation",
  "baseDefinition": "https://www.medizininformatik-initiative.de/fhir/ext/modul-icu/StructureDefinition/parameter-von-extrakorporalen-verfahren",
  "derivation": "constraint",
  "differential": {
    "element": [
      {
        "id": "Observation.category",
        "path": "Observation.category",
        "min": 1
      },
      {
        "id": "Observation.code",
        "path": "Observation.code",
        "constraint": [
          {
            "key": "obs-loinc-sct",
            "severity": "error",
            "human": "Es muss mindestens ein LOINC oder SnomedCT Code vorhanden sein",
            "expression": "coding.where(system='http://loinc.org').exists().not() implies coding.where(system='http://snomed.info/sct').exists()"
          }
        ]
      },
      {
        "id": "Observation.code.coding",
        "path": "Observation.code.coding",
        "slicing": {
          "discriminator": [
            {
              "type": "pattern",
              "path": "$this"
            }
          ],
          "rules": "closed"
        }
      },
      {
        "id": "Observation.code.coding:sct",
        "path": "Observation.code.coding",
        "sliceName": "sct",
        "max": "0",
        "patternCoding": {
          "system": "http://snomed.info/sct"
        }
      },
      {
        "id": "Observation.code.coding:loinc",
        "path": "Observation.code.coding",
        "sliceName": "loinc",
        "min": 1,
        "max": "1",
        "patternCoding": {
          "code": "83064-6",
          "system": "http://loinc.org"
        }
      },
      {
        "id": "Observation.code.coding:IEEE-11073",
        "path": "Observation.code.coding",
        "sliceName": "IEEE-11073",
        "max": "0",
        "patternCoding": {
          "system": "urn:iso:std:iso:11073:10101"
        }
      },
      {
        "id": "Observation.effective[x]",
        "path": "Observation.effective[x]",
        "min": 1
      },
      {
        "id": "Observation.value[x]",
        "path": "Observation.value[x]",
        "patternQuantity": {
          "system": "http://unitsofmeasure.org",
          "code": "mmol/L"
        }
      }
    ]
  }
}
