{
  "resourceType": "StructureDefinition",
  "id": "sd-mii-icu-parameter-von-beatmung",
  "text": {
    "status": "empty",
    "div": "<div xmlns=\"http://www.w3.org/1999/xhtml\">No human-readable text provided in this case.</div>"
  },
  "url": "https://www.medizininformatik-initiative.de/fhir/ext/modul-icu/StructureDefinition/parameter-von-beatmung",
  "version": "1.0.0",
  "name": "SD_MII_ICU_Parameter_Von_Beatmung",
  "title": "SD MII ICU Parameter von Beatmung",
  "status": "active",
  "contact": [
    {
      "name": "Müller, Christoph",
      "telecom": [
        {
          "system": "email",
          "value": "christmueller@ukaachen.de"
        }
      ]
    }
  ],
  "fhirVersion": "4.0.1",
  "mapping": [
    {
      "identity": "workflow",
      "uri": "http://hl7.org/fhir/workflow",
      "name": "Workflow Pattern"
    },
    {
      "identity": "sct-concept",
      "uri": "http://snomed.info/conceptdomain",
      "name": "SNOMED CT Concept Domain Binding"
    },
    {
      "identity": "v2",
      "uri": "http://hl7.org/v2",
      "name": "HL7 v2 Mapping"
    },
    {
      "identity": "rim",
      "uri": "http://hl7.org/v3",
      "name": "RIM Mapping"
    },
    {
      "identity": "w5",
      "uri": "http://hl7.org/fhir/fivews",
      "name": "FiveWs Pattern Mapping"
    },
    {
      "identity": "sct-attr",
      "uri": "http://snomed.org/attributebinding",
      "name": "SNOMED CT Attribute Binding"
    }
  ],
  "kind": "resource",
  "abstract": false,
  "type": "Observation",
  "baseDefinition": "http://hl7.org/fhir/StructureDefinition/Observation",
  "derivation": "constraint",
  "differential": {
    "element": [
      {
        "id": "Observation",
        "path": "Observation",
        "constraint": [
          {
            "key": "obs-10",
            "severity": "error",
            "human": "Either subject XOR encounter exists",
            "expression": "$this.encounter.exists() xor $this.subject.exists()",
            "source": "https://www.medizininformatik-initiative.de/fhir/ext/modul-icu/StructureDefinition/parameter-von-beatmung"
          },
          {
            "key": "vs-de-2",
            "severity": "error",
            "human": "If there is no component or hasMember element then either a value[x] or a data absent reason must be present",
            "expression": "(component.empty() and hasMember.empty()) implies (dataAbsentReason.exists() or value.exists())",
            "source": "https://www.medizininformatik-initiative.de/fhir/ext/modul-icu/StructureDefinition/parameter-von-beatmung"
          }
        ]
      },
      {
        "id": "Observation.identifier",
        "path": "Observation.identifier",
        "mustSupport": true
      },
      {
        "id": "Observation.partOf",
        "path": "Observation.partOf",
        "short": "Observation belongs to a specific extracorporeal procedure.",
        "definition": "Dasjenige extrakorporale Verfahren, im Rahmen dessen der vorliegende Parameter (die Daten dieser Observation-Ressource) erhoben wurden.",
        "min": 1,
        "max": "1",
        "type": [
          {
            "code": "Reference",
            "profile": [
              "https://www.medizininformatik-initiative.de/fhir/core/StructureDefinition/MII-Reference"
            ],
            "targetProfile": [
              "http://hl7.org/fhir/StructureDefinition/Procedure"
            ]
          }
        ],
        "mustSupport": true
      },
      {
        "id": "Observation.status",
        "path": "Observation.status",
        "mustSupport": true
      },
      {
        "id": "Observation.category",
        "path": "Observation.category",
        "slicing": {
          "discriminator": [
            {
              "type": "pattern",
              "path": "$this"
            }
          ],
          "rules": "open"
        },
        "min": 1,
        "max": "1",
        "mustSupport": true,
        "binding": {
          "strength": "required",
          "valueSet": "https://www.medizininformatik-initiative.de/fhir/ext/modul-icu/ValueSet/Category-Procedure-Beatmung-SNOMED"
        }
      },
      {
        "id": "Observation.category.coding",
        "path": "Observation.category.coding",
        "mustSupport": true
      },
      {
        "id": "Observation.category.coding.system",
        "path": "Observation.category.coding.system",
        "min": 1,
        "mustSupport": true
      },
      {
        "id": "Observation.category.coding.code",
        "path": "Observation.category.coding.code",
        "min": 1,
        "mustSupport": true
      },
      {
        "id": "Observation.code",
        "path": "Observation.code",
        "mustSupport": true
      },
      {
        "id": "Observation.code.coding",
        "path": "Observation.code.coding",
        "slicing": {
          "discriminator": [
            {
              "type": "pattern",
              "path": "$this"
            }
          ],
          "ordered": false,
          "rules": "open"
        },
        "min": 1,
        "mustSupport": true
      },
      {
        "id": "Observation.code.coding:sct",
        "path": "Observation.code.coding",
        "sliceName": "sct",
        "patternCoding": {
          "system": "http://snomed.info/sct"
        },
        "mustSupport": true,
        "binding": {
          "strength": "required",
          "valueSet": "https://www.medizininformatik-initiative.de/fhir/ext/modul-icu/ValueSet/Code-Observation-Beatmung-SNOMED"
        }
      },
      {
        "id": "Observation.code.coding:sct.system",
        "path": "Observation.code.coding.system",
        "min": 1,
        "mustSupport": true
      },
      {
        "id": "Observation.code.coding:sct.code",
        "path": "Observation.code.coding.code",
        "min": 1,
        "mustSupport": true
      },
      {
        "id": "Observation.code.coding:sct.display",
        "path": "Observation.code.coding.display",
        "mustSupport": true
      },
      {
        "id": "Observation.code.coding:loinc",
        "path": "Observation.code.coding",
        "sliceName": "loinc",
        "patternCoding": {
          "system": "http://loinc.org"
        },
        "mustSupport": true,
        "binding": {
          "strength": "required",
          "valueSet": "https://www.medizininformatik-initiative.de/fhir/ext/modul-icu/ValueSet/Code-Observation-Beatmung-LOINC"
        }
      },
      {
        "id": "Observation.code.coding:loinc.system",
        "path": "Observation.code.coding.system",
        "min": 1,
        "mustSupport": true
      },
      {
        "id": "Observation.code.coding:loinc.code",
        "path": "Observation.code.coding.code",
        "min": 1,
        "mustSupport": true
      },
      {
        "id": "Observation.code.coding:loinc.display",
        "path": "Observation.code.coding.display",
        "mustSupport": true
      },
      {
        "id": "Observation.code.coding:IEEE-11073",
        "path": "Observation.code.coding",
        "sliceName": "IEEE-11073",
        "patternCoding": {
          "system": "urn:iso:std:iso:11073:10101"
        },
        "mustSupport": true,
        "binding": {
          "strength": "required",
          "valueSet": "https://www.medizininformatik-initiative.de/fhir/ext/modul-icu/ValueSet/Code-Observation-Beatmung-ISO11073"
        }
      },
      {
        "id": "Observation.code.coding:IEEE-11073.system",
        "path": "Observation.code.coding.system",
        "min": 1,
        "mustSupport": true
      },
      {
        "id": "Observation.code.coding:IEEE-11073.code",
        "path": "Observation.code.coding.code",
        "min": 1,
        "mustSupport": true
      },
      {
        "id": "Observation.subject",
        "path": "Observation.subject",
        "min": 1,
        "type": [
          {
            "code": "Reference",
            "profile": [
              "https://www.medizininformatik-initiative.de/fhir/core/StructureDefinition/MII-Reference"
            ],
            "targetProfile": [
              "http://hl7.org/fhir/StructureDefinition/Patient",
              "http://hl7.org/fhir/StructureDefinition/Device"
            ]
          }
        ],
        "mustSupport": true
      },
      {
        "id": "Observation.encounter",
        "path": "Observation.encounter",
        "type": [
          {
            "code": "Reference",
            "profile": [
              "https://www.medizininformatik-initiative.de/fhir/core/StructureDefinition/MII-Reference"
            ]
          }
        ],
        "mustSupport": true
      },
      {
        "id": "Observation.effective[x]",
        "path": "Observation.effective[x]",
        "type": [
          {
            "code": "dateTime"
          },
          {
            "code": "Period"
          }
        ],
        "mustSupport": true
      },
      {
        "id": "Observation.issued",
        "path": "Observation.issued",
        "mustSupport": true
      },
      {
        "id": "Observation.performer",
        "path": "Observation.performer",
        "type": [
          {
            "code": "Reference",
            "targetProfile": [
              "http://hl7.org/fhir/StructureDefinition/Practitioner",
              "http://hl7.org/fhir/StructureDefinition/PractitionerRole",
              "http://hl7.org/fhir/StructureDefinition/Organization",
              "http://hl7.org/fhir/StructureDefinition/CareTeam"
            ]
          }
        ]
      },
      {
        "id": "Observation.value[x]",
        "path": "Observation.value[x]",
        "min": 1,
        "type": [
          {
            "code": "Quantity"
          }
        ],
        "patternQuantity": {
          "system": "http://unitsofmeasure.org"
        },
        "mustSupport": true
      },
      {
        "id": "Observation.value[x].value",
        "path": "Observation.value[x].value",
        "min": 1,
        "mustSupport": true
      },
      {
        "id": "Observation.value[x].unit",
        "path": "Observation.value[x].unit",
        "mustSupport": true
      },
      {
        "id": "Observation.value[x].system",
        "path": "Observation.value[x].system",
        "min": 1,
        "mustSupport": true
      },
      {
        "id": "Observation.value[x].code",
        "path": "Observation.value[x].code",
        "min": 1,
        "mustSupport": true
      },
      {
        "id": "Observation.dataAbsentReason",
        "path": "Observation.dataAbsentReason",
        "mustSupport": true
      },
      {
        "id": "Observation.bodySite",
        "path": "Observation.bodySite",
        "binding": {
          "strength": "extensible",
          "valueSet": "https://www.medizininformatik-initiative.de/fhir/ext/modul-icu/ValueSet/BodySite-Observation-Beatmung"
        }
      },
      {
        "id": "Observation.device",
        "path": "Observation.device",
        "type": [
          {
            "code": "Reference",
            "profile": [
              "https://www.medizininformatik-initiative.de/fhir/core/StructureDefinition/MII-Reference"
            ],
            "targetProfile": [
              "https://www.medizininformatik-initiative.de/fhir/ext/modul-icu/StructureDefinition/devicemetric-eingestellte-gemessene-parameter-beatmung"
            ]
          }
        ],
        "mustSupport": true
      }
    ]
  }
}
