{
  "resourceType": "StructureDefinition",
  "id": "sd-mii-icu-koerpergroesse-percentil",
  "text": {
    "status": "empty",
    "div": "<div xmlns=\"http://www.w3.org/1999/xhtml\">No human-readable text provided in this case.</div>"
  },
  "url": "https://www.medizininformatik-initiative.de/fhir/ext/modul-icu/StructureDefinition/koerpergroesse-percentil",
  "version": "1.0.0",
  "name": "SD_MII_ICU_Koerpergroesse_Percentil",
  "title": "SD MII ICU Koerpergroesse Percentil",
  "status": "active",
  "fhirVersion": "4.0.1",
  "kind": "resource",
  "abstract": false,
  "type": "Observation",
  "baseDefinition": "https://gematik.de/fhir/isik/StructureDefinition/sd-mii-icu-koerpergroesse-percentil-altersabhaengig",
  "derivation": "constraint",
  "differential": {
    "element": [
      {
        "id": "Observation.category:sct",
        "path": "Observation.category",
        "sliceName": "sct",
        "patternCodeableConcept": {
          "coding": [
            {
              "system": "http://snomed.info/sct",
              "code": "248326004"
            }
          ]
        }
      },
      {
        "id": "Observation.category:sct.coding",
        "path": "Observation.category.coding",
        "mustSupport": true
      },
      {
        "id": "Observation.category:sct.coding.system",
        "path": "Observation.category.coding.system",
        "min": 1,
        "mustSupport": true
      },
      {
        "id": "Observation.category:sct.coding.code",
        "path": "Observation.category.coding.code",
        "min": 1,
        "mustSupport": true
      },
      {
        "id": "Observation.code.coding",
        "path": "Observation.code.coding",
        "min": 2
      },
      {
        "id": "Observation.code.coding:sct",
        "path": "Observation.code.coding",
        "sliceName": "sct",
        "min": 1,
        "max": "1",
        "patternCoding": {
          "system": "http://snomed.info/sct",
          "code": "1153605006"
        }
      },
      {
        "id": "Observation.code.coding:loinc",
        "path": "Observation.code.coding",
        "sliceName": "loinc",
        "min": 1,
        "max": "1",
        "patternCoding": {
          "system": "http://loinc.org",
          "code": "8303-0"
        }
      },
      {
        "id": "Observation.code.coding:IEEE-11073",
        "path": "Observation.code.coding",
        "sliceName": "IEEE-11073",
        "max": "0",
        "patternCoding": {
          "system": "urn:iso:std:iso:11073:10101"
        }
      },
      {
        "id": "Observation.value[x]",
        "path": "Observation.value[x]",
        "slicing": {
          "discriminator": [
            {
              "type": "type",
              "path": "$this"
            }
          ],
          "rules": "closed"
        }
      },
      {
        "id": "Observation.value[x]:valueQuantity",
        "path": "Observation.value[x]",
        "sliceName": "valueQuantity",
        "patternQuantity": {
          "unit": "percent",
          "system": "http://unitsofmeasure.org",
          "code": "%"
        }
      },
      {
        "id": "Observation.value[x]:valueQuantity.unit",
        "path": "Observation.value[x].unit",
        "min": 1
      }
    ]
  }
}
