{
  "resourceType": "StructureDefinition",
  "id": "sd-mii-icu-atemfrequenz",
  "text": {
    "status": "empty",
    "div": "<div xmlns=\"http://www.w3.org/1999/xhtml\">No human-readable text provided in this case.</div>"
  },
  "url": "https://www.medizininformatik-initiative.de/fhir/ext/modul-icu/StructureDefinition/atemfrequenz",
  "version": "1.0.0",
  "name": "SD_MII_ICU_Atemfrequenz",
  "title": "SD MII ICU Atemfrequenz",
  "status": "active",
  "fhirVersion": "4.0.1",
  "mapping": [
    {
      "identity": "workflow",
      "uri": "http://hl7.org/fhir/workflow",
      "name": "Workflow Pattern"
    },
    {
      "identity": "sct-concept",
      "uri": "http://snomed.info/conceptdomain",
      "name": "SNOMED CT Concept Domain Binding"
    },
    {
      "identity": "v2",
      "uri": "http://hl7.org/v2",
      "name": "HL7 v2 Mapping"
    },
    {
      "identity": "rim",
      "uri": "http://hl7.org/v3",
      "name": "RIM Mapping"
    },
    {
      "identity": "w5",
      "uri": "http://hl7.org/fhir/fivews",
      "name": "FiveWs Pattern Mapping"
    },
    {
      "identity": "sct-attr",
      "uri": "http://snomed.org/attributebinding",
      "name": "SNOMED CT Attribute Binding"
    }
  ],
  "kind": "resource",
  "abstract": false,
  "type": "Observation",
  "baseDefinition": "http://fhir.de/StructureDefinition/observation-de-vitalsign-atemfrequenz",
  "derivation": "constraint",
  "differential": {
    "element": [
      {
        "id": "Observation.id",
        "path": "Observation.id",
        "mustSupport": true
      },
      {
        "id": "Observation.meta",
        "path": "Observation.meta",
        "mustSupport": true
      },
      {
        "id": "Observation.identifier",
        "path": "Observation.identifier",
        "mustSupport": true
      },
      {
        "id": "Observation.status",
        "path": "Observation.status",
        "mustSupport": true
      },
      {
        "id": "Observation.category",
        "path": "Observation.category",
        "mustSupport": true
      },
      {
        "id": "Observation.code",
        "path": "Observation.code",
        "mustSupport": true
      },
      {
        "id": "Observation.code.coding",
        "path": "Observation.code.coding",
        "min": 2,
        "mustSupport": true
      },
      {
        "id": "Observation.code.coding:loinc",
        "path": "Observation.code.coding",
        "sliceName": "loinc",
        "mustSupport": true
      },
      {
        "id": "Observation.code.coding:loinc.system",
        "path": "Observation.code.coding.system",
        "mustSupport": true
      },
      {
        "id": "Observation.code.coding:loinc.code",
        "path": "Observation.code.coding.code",
        "mustSupport": true
      },
      {
        "id": "Observation.code.coding:snomed",
        "path": "Observation.code.coding",
        "sliceName": "snomed",
        "min": 1,
        "max": "1",
        "patternCoding": {
          "system": "http://snomed.info/sct",
          "code": "86290005"
        }
      },
      {
        "id": "Observation.subject",
        "path": "Observation.subject",
        "mustSupport": true
      },
      {
        "id": "Observation.encounter",
        "path": "Observation.encounter",
        "mustSupport": true
      },
      {
        "id": "Observation.effective[x]",
        "path": "Observation.effective[x]",
        "mustSupport": true
      },
      {
        "id": "Observation.value[x]",
        "path": "Observation.value[x]",
        "mustSupport": true
      },
      {
        "id": "Observation.value[x]:valueQuantity",
        "path": "Observation.value[x]",
        "sliceName": "valueQuantity",
        "min": 1,
        "patternQuantity": {
          "unit": "breaths per minute"
        }
      },
      {
        "id": "Observation.value[x]:valueQuantity.value",
        "path": "Observation.value[x].value",
        "mustSupport": true
      },
      {
        "id": "Observation.value[x]:valueQuantity.unit",
        "path": "Observation.value[x].unit",
        "mustSupport": true
      },
      {
        "id": "Observation.value[x]:valueQuantity.system",
        "path": "Observation.value[x].system",
        "mustSupport": true
      },
      {
        "id": "Observation.value[x]:valueQuantity.code",
        "path": "Observation.value[x].code",
        "mustSupport": true,
        "binding": {
          "strength": "required",
          "valueSet": "https://www.medizininformatik-initiative.de/fhir/ext/modul-icu/ValueSet/ValueSet-Unit-equivalent-UCUM-breaths_per-minute"
        }
      },
      {
        "id": "Observation.dataAbsentReason",
        "path": "Observation.dataAbsentReason",
        "mustSupport": true
      }
    ]
  }
}
