{
  "resourceType": "StructureDefinition",
  "id": "sd-mii-icu-bilanz",
  "text": {
    "status": "empty",
    "div": "<div xmlns=\"http://www.w3.org/1999/xhtml\">No human-readable text provided in this case.</div>"
  },
  "url": "https://www.medizininformatik-initiative.de/fhir/ext/modul-icu/StructureDefinition/bilanz",
  "version": "1.0.0",
  "name": "SD_MII_ICU_Bilanz",
  "title": "SD MII ICU Bilanz",
  "status": "draft",
  "fhirVersion": "4.0.1",
  "kind": "resource",
  "abstract": false,
  "type": "Observation",
  "baseDefinition": "http://hl7.org/fhir/StructureDefinition/Observation",
  "derivation": "constraint",
  "differential": {
    "element": [
      {
        "id": "Observation.identifier",
        "path": "Observation.identifier",
        "mustSupport": true
      },
      {
        "id": "Observation.category",
        "path": "Observation.category",
        "min": 1,
        "mustSupport": true
      },
      {
        "id": "Observation.category.coding",
        "path": "Observation.category.coding",
        "slicing": {
          "discriminator": [
            {
              "type": "pattern",
              "path": "$this"
            }
          ],
          "rules": "open"
        },
        "min": 2,
        "mustSupport": true
      },
      {
        "id": "Observation.category.coding:hl7-category",
        "path": "Observation.category.coding",
        "sliceName": "hl7-category",
        "max": "1",
        "patternCoding": {
          "system": "https://terminology.hl7.org/4.0.0/CodeSystem-observation-category.html"
        },
        "mustSupport": true,
        "binding": {
          "strength": "required",
          "description": "A Code of the following value set is required. Only relevant codes for balances should be vital-signs, exam and therapy.",
          "valueSet": "https://www.medizininformatik-initiative.de/fhir/ext/modul-icu/ValueSet/category-observation-bilanzen-hl7"
        }
      },
      {
        "id": "Observation.category.coding:hl7-category.system",
        "path": "Observation.category.coding.system",
        "min": 1,
        "mustSupport": true
      },
      {
        "id": "Observation.category.coding:hl7-category.code",
        "path": "Observation.category.coding.code",
        "min": 1,
        "mustSupport": true
      },
      {
        "id": "Observation.category.coding:kdsicu-category",
        "path": "Observation.category.coding",
        "sliceName": "kdsicu-category",
        "min": 1,
        "max": "1",
        "patternCoding": {
          "system": "http://snomed.info/sct",
          "code": "364396009"
        },
        "mustSupport": true
      },
      {
        "id": "Observation.category.coding:kdsicu-category.system",
        "path": "Observation.category.coding.system",
        "min": 1,
        "mustSupport": true
      },
      {
        "id": "Observation.category.coding:kdsicu-category.code",
        "path": "Observation.category.coding.code",
        "min": 1,
        "mustSupport": true
      },
      {
        "id": "Observation.category.coding:fixedCategoryBilanz",
        "path": "Observation.category.coding",
        "sliceName": "fixedCategoryBilanz",
        "min": 1,
        "max": "1",
        "patternCoding": {
          "system": "https://www.medizininformatik-initiative.de/fhir/ext/modul-icu/ValueSet/observation-category-fixed",
          "code": "bilanz"
        }
      },
      {
        "id": "Observation.category.coding:fixedCategoryBilanz.system",
        "path": "Observation.category.coding.system",
        "min": 1,
        "mustSupport": true
      },
      {
        "id": "Observation.category.coding:fixedCategoryBilanz.code",
        "path": "Observation.category.coding.code",
        "min": 1,
        "mustSupport": true
      },
      {
        "id": "Observation.code",
        "path": "Observation.code",
        "mustSupport": true
      },
      {
        "id": "Observation.code.coding",
        "path": "Observation.code.coding",
        "slicing": {
          "discriminator": [
            {
              "type": "pattern",
              "path": "$this"
            }
          ],
          "rules": "closed"
        },
        "min": 1,
        "mustSupport": true
      },
      {
        "id": "Observation.code.coding:sct",
        "path": "Observation.code.coding",
        "sliceName": "sct",
        "min": 1,
        "max": "1",
        "patternCoding": {
          "system": "http://snomed.info/sct"
        },
        "mustSupport": true,
        "binding": {
          "strength": "required",
          "valueSet": "https://www.medizininformatik-initiative.de/fhir/ext/modul-icu/ValueSet/code-observation-bilanzen-snomed"
        }
      },
      {
        "id": "Observation.code.coding:sct.system",
        "path": "Observation.code.coding.system",
        "min": 1,
        "mustSupport": true
      },
      {
        "id": "Observation.code.coding:sct.code",
        "path": "Observation.code.coding.code",
        "min": 1,
        "mustSupport": true
      },
      {
        "id": "Observation.code.coding:sct.display",
        "path": "Observation.code.coding.display",
        "mustSupport": true
      },
      {
        "id": "Observation.code.coding:loinc",
        "path": "Observation.code.coding",
        "sliceName": "loinc",
        "patternCoding": {
          "system": "http://loinc.org"
        },
        "mustSupport": true,
        "binding": {
          "strength": "required",
          "valueSet": "https://www.medizininformatik-initiative.de/fhir/ext/modul-icu/ValueSet/code-observation-bilanzen-loinc"
        }
      },
      {
        "id": "Observation.code.coding:loinc.system",
        "path": "Observation.code.coding.system",
        "min": 1,
        "mustSupport": true
      },
      {
        "id": "Observation.code.coding:loinc.code",
        "path": "Observation.code.coding.code",
        "min": 1,
        "mustSupport": true
      },
      {
        "id": "Observation.code.coding:loinc.display",
        "path": "Observation.code.coding.display",
        "mustSupport": true
      },
      {
        "id": "Observation.code.coding:IEEE-11073",
        "path": "Observation.code.coding",
        "sliceName": "IEEE-11073",
        "patternCoding": {
          "system": "urn:iso:std:iso:11073:10101"
        },
        "mustSupport": true,
        "binding": {
          "strength": "required",
          "valueSet": "https://www.medizininformatik-initiative.de/fhir/ext/modul-icu/ValueSet/code-observation-bilanzen-iso11073"
        }
      },
      {
        "id": "Observation.code.coding:IEEE-11073.system",
        "path": "Observation.code.coding.system",
        "min": 1,
        "mustSupport": true
      },
      {
        "id": "Observation.code.coding:IEEE-11073.code",
        "path": "Observation.code.coding.code",
        "min": 1,
        "mustSupport": true
      },
      {
        "id": "Observation.subject",
        "path": "Observation.subject",
        "min": 1,
        "type": [
          {
            "code": "Reference",
            "targetProfile": [
              "http://hl7.org/fhir/StructureDefinition/Patient"
            ]
          }
        ],
        "mustSupport": true
      },
      {
        "id": "Observation.encounter",
        "path": "Observation.encounter",
        "mustSupport": true
      },
      {
        "id": "Observation.effective[x]",
        "path": "Observation.effective[x]",
        "min": 1,
        "type": [
          {
            "code": "dateTime"
          },
          {
            "code": "Period"
          }
        ],
        "mustSupport": true
      },
      {
        "id": "Observation.issued",
        "path": "Observation.issued",
        "mustSupport": true
      },
      {
        "id": "Observation.value[x]",
        "path": "Observation.value[x]",
        "min": 1,
        "type": [
          {
            "code": "Quantity"
          }
        ],
        "mustSupport": true
      },
      {
        "id": "Observation.dataAbsentReason",
        "path": "Observation.dataAbsentReason",
        "mustSupport": true
      },
      {
        "id": "Observation.interpretation",
        "path": "Observation.interpretation",
        "mustSupport": true
      },
      {
        "id": "Observation.bodySite",
        "path": "Observation.bodySite",
        "mustSupport": true
      },
      {
        "id": "Observation.method",
        "path": "Observation.method",
        "mustSupport": true
      },
      {
        "id": "Observation.specimen",
        "path": "Observation.specimen",
        "mustSupport": true
      },
      {
        "id": "Observation.device",
        "path": "Observation.device",
        "mustSupport": true
      },
      {
        "id": "Observation.referenceRange",
        "path": "Observation.referenceRange",
        "mustSupport": true
      }
    ]
  }
}