{
  "resourceType": "StructureDefinition",
  "id": "sd-mii-icu-icu-device",
  "text": {
    "status": "empty",
    "div": "<div xmlns=\"http://www.w3.org/1999/xhtml\">No human-readable text provided in this case.</div>"
  },
  "url": "https://www.medizininformatik-initiative.de/fhir/ext/modul-icu/StructureDefinition/icu-device",
  "version": "1.0.0",
  "name": "SD_MII_ICU_Icu_Device",
  "title": "SD MII ICU ICU Device",
  "status": "active",
  "fhirVersion": "4.0.1",
  "kind": "resource",
  "abstract": false,
  "type": "Device",
  "baseDefinition": "http://hl7.org/fhir/StructureDefinition/Device",
  "derivation": "constraint",
  "differential": {
    "element": [
      {
        "id": "Device.identifier",
        "path": "Device.identifier",
        "mustSupport": true
      },
      {
        "id": "Device.identifier.system",
        "path": "Device.identifier.system",
        "min": 1,
        "mustSupport": true
      },
      {
        "id": "Device.identifier.value",
        "path": "Device.identifier.value",
        "min": 1,
        "mustSupport": true
      },
      {
        "id": "Device.status",
        "path": "Device.status",
        "mustSupport": true
      },
      {
        "id": "Device.deviceName",
        "path": "Device.deviceName",
        "mustSupport": true
      },
      {
        "id": "Device.deviceName.name",
        "path": "Device.deviceName.name",
        "mustSupport": true
      },
      {
        "id": "Device.deviceName.type",
        "path": "Device.deviceName.type",
        "mustSupport": true
      },
      {
        "id": "Device.type",
        "path": "Device.type",
        "mustSupport": true
      },
      {
        "id": "Device.version",
        "path": "Device.version",
        "mustSupport": true
      },
      {
        "id": "Device.version.value",
        "path": "Device.version.value",
        "mustSupport": true
      },
      {
        "id": "Device.property",
        "path": "Device.property",
        "mustSupport": true
      },
      {
        "id": "Device.property.type",
        "path": "Device.property.type",
        "mustSupport": true
      }
    ]
  }
}
