{
  "resourceType": "StructureDefinition",
  "id": "sd-mii-icu-bilanz-abnahme-haemofiltration-einzelmesswerte",
  "text": {
    "status": "empty",
    "div": "<div xmlns=\"http://www.w3.org/1999/xhtml\">No human-readable text provided in this case.</div>"
  },
  "url": "https://www.medizininformatik-initiative.de/fhir/ext/modul-icu/StructureDefinition/bilanz-abnahme-haemofiltration-einzelmesswerte",
  "name": "SD_MII_ICU_Bilanz_Abnahme_Haemofiltration_Einzelmesswerte",
  "title": "SD MII ICU Bilanz Abnahme Haemofiltration Einzelmesswerte",
  "status": "draft",
  "fhirVersion": "4.0.1",
  "kind": "resource",
  "abstract": false,
  "type": "Observation",
  "baseDefinition": "https://www.medizininformatik-initiative.de/fhir/ext/modul-icu/StructureDefinition/bilanz",
  "derivation": "constraint",
  "differential": {
    "element": [
      {
        "id": "Observation.category.coding:hl7-category",
        "path": "Observation.category.coding",
        "sliceName": "hl7-category",
        "patternCoding": {
          "code": "vital-sign",
          "system": "https://terminology.hl7.org/4.0.0/CodeSystem-observation-category.html"
        }
      },
      {
        "id": "Observation.category.coding:kdsicu-category",
        "path": "Observation.category.coding",
        "sliceName": "kdsicu-category",
        "patternCoding": {
          "code": "364396009",
          "system": "http://snomed.info/sct"
        }
      },
      {
        "id": "Observation.code.coding",
        "path": "Observation.code.coding",
        "slicing": {
          "discriminator": [
            {
              "type": "pattern",
              "path": "$this"
            }
          ],
          "rules": "closed"
        },
        "min": 2
      },
      {
        "id": "Observation.code.coding:sct",
        "path": "Observation.code.coding",
        "sliceName": "sct",
        "patternCoding": {
          "code": "251850009",
          "system": "http://snomed.info/sct"
        }
      },
      {
        "id": "Observation.code.coding:loinc",
        "path": "Observation.code.coding",
        "sliceName": "loinc",
        "min": 1,
        "max": "1",
        "patternCoding": {
          "code": "99741-1",
          "system": "http://loinc.org"
        }
      },
      {
        "id": "Observation.code.coding:IEEE-11073",
        "path": "Observation.code.coding",
        "sliceName": "IEEE-11073",
        "max": "0",
        "patternCoding": {
          "system": "urn:iso:std:iso:11073:10101"
        }
      }
    ]
  }
}
