{
  "resourceType": "StructureDefinition",
  "id": "sd-mii-icu-bilanz-ausfuhr-drainage-generisch",
  "text": {
    "status": "empty",
    "div": "<div xmlns=\"http://www.w3.org/1999/xhtml\">No human-readable text provided in this case.</div>"
  },
  "url": "https://www.medizininformatik-initiative.de/fhir/ext/modul-icu/StructureDefinition/bilanz-ausfuhr-drainage-generisch",
  "name": "SD_MII_ICU_Bilanz_Ausfuhr_Drainage_Generisch",
  "title": "SD MII ICU Bilanz Ausfuhr Drainage Generisch",
  "status": "draft",
  "fhirVersion": "4.0.1",
  "kind": "resource",
  "abstract": false,
  "type": "Observation",
  "baseDefinition": "https://www.medizininformatik-initiative.de/fhir/ext/modul-icu/StructureDefinition/bilanz",
  "derivation": "constraint",
  "differential": {
    "element": [
      {
        "id": "Observation.category.coding:hl7-category",
        "path": "Observation.category.coding",
        "sliceName": "hl7-category",
        "patternCoding": {
          "code": "exam",
          "system": "https://terminology.hl7.org/4.0.0/CodeSystem-observation-category.html"
        }
      },
      {
        "id": "Observation.category.coding:kdsicu-category",
        "path": "Observation.category.coding",
        "sliceName": "kdsicu-category",
        "patternCoding": {
          "system": "http://snomed.info/sct",
          "code": "364396009"
        }
      },
      {
        "id": "Observation.code.coding:sct",
        "path": "Observation.code.coding",
        "sliceName": "sct",
        "patternCoding": {
          "code": "251843005",
          "system": "http://snomed.info/sct"
        }
      },
      {
        "id": "Observation.code.coding:IEEE-11073",
        "path": "Observation.code.coding",
        "sliceName": "IEEE-11073",
        "patternCoding": {
          "code": "26668",
          "system": "urn:iso:std:iso:11073:10101"
        }
      }
    ]
  }
}
