{
  "resourceType": "StructureDefinition",
  "id": "sd-mii-icu-exspiratorischer-gasfluss",
  "text": {
    "status": "empty",
    "div": "<div xmlns=\"http://www.w3.org/1999/xhtml\">No human-readable text provided in this case.</div>"
  },
  "url": "https://www.medizininformatik-initiative.de/fhir/ext/modul-icu/StructureDefinition/exspiratorischer-gasfluss",
  "version": "1.0.0",
  "name": "SD_MII_ICU_Exspiratorischer_Gasfluss",
  "title": "SD MII ICU Exspiratorischer Gasfluss",
  "status": "active",
  "fhirVersion": "4.0.1",
  "kind": "resource",
  "abstract": false,
  "type": "Observation",
  "baseDefinition": "https://www.medizininformatik-initiative.de/fhir/ext/modul-icu/StructureDefinition/parameter-von-beatmung",
  "derivation": "constraint",
  "differential": {
    "element": [
      {
        "id": "Observation.category",
        "path": "Observation.category",
        "slicing": {
          "discriminator": [
            {
              "type": "pattern",
              "path": "$this"
            }
          ],
          "rules": "open"
        }
      },
      {
        "id": "Observation.category:Beatmung",
        "path": "Observation.category",
        "sliceName": "Beatmung"
      },
      {
        "id": "Observation.code.coding",
        "path": "Observation.code.coding",
        "min": 2
      },
      {
        "id": "Observation.code.coding:sct",
        "path": "Observation.code.coding",
        "sliceName": "sct",
        "max": "0",
        "patternCoding": {
          "system": "http://snomed.info/sct"
        }
      },
      {
        "id": "Observation.code.coding:loinc",
        "path": "Observation.code.coding",
        "sliceName": "loinc",
        "min": 1,
        "max": "1",
        "patternCoding": {
          "system": "http://loinc.org",
          "code": "60792-9"
        }
      },
      {
        "id": "Observation.code.coding:IEEE-11073",
        "path": "Observation.code.coding",
        "sliceName": "IEEE-11073",
        "min": 1,
        "max": "1",
        "patternCoding": {
          "system": "urn:iso:std:iso:11073:10101",
          "code": "151944"
        }
      },
      {
        "id": "Observation.value[x]",
        "path": "Observation.value[x]",
        "slicing": {
          "discriminator": [
            {
              "type": "type",
              "path": "$this"
            }
          ],
          "ordered": false,
          "rules": "open"
        }
      },
      {
        "id": "Observation.value[x]:valueQuantity",
        "path": "Observation.value[x]",
        "sliceName": "valueQuantity",
        "patternQuantity": {
          "system": "http://unitsofmeasure.org",
          "code": "L/min"
        }
      }
    ]
  }
}
