{
  "resourceType": "StructureDefinition",
  "id": "sd-mii-icu-dm-eingestellte-gemessene-parameter-beatmung",
  "text": {
    "status": "empty",
    "div": "<div xmlns=\"http://www.w3.org/1999/xhtml\">No human-readable text provided in this case.</div>"
  },
  "url": "https://www.medizininformatik-initiative.de/fhir/ext/modul-icu/StructureDefinition/devicemetric-eingestellte-gemessene-parameter-beatmung",
  "version": "1.0.0",
  "name": "SD_MII_ICU_Devicemetric_Eingestellte_Gemessene_Parameter_Beatmung",
  "title": "SD MII ICU DeviceMetric Eingestellte Gemessene Parameter Beatmung",
  "status": "active",
  "fhirVersion": "4.0.1",
  "kind": "resource",
  "abstract": false,
  "type": "DeviceMetric",
  "baseDefinition": "http://hl7.org/fhir/StructureDefinition/DeviceMetric",
  "derivation": "constraint",
  "differential": {
    "element": [
      {
        "id": "DeviceMetric.type",
        "path": "DeviceMetric.type",
        "mustSupport": true,
        "binding": {
          "strength": "required",
          "valueSet": "https://www.medizininformatik-initiative.de/fhir/ext/modul-icu/ValueSet/Category-Procedure-Beatmung-SNOMED"
        }
      },
      {
        "id": "DeviceMetric.type.coding",
        "path": "DeviceMetric.type.coding",
        "patternCoding": {
          "system": "http://snomed.info/sct"
        },
        "mustSupport": true
      },
      {
        "id": "DeviceMetric.type.coding.system",
        "path": "DeviceMetric.type.coding.system",
        "min": 1,
        "mustSupport": true
      },
      {
        "id": "DeviceMetric.type.coding.code",
        "path": "DeviceMetric.type.coding.code",
        "min": 1,
        "mustSupport": true
      },
      {
        "id": "DeviceMetric.source",
        "path": "DeviceMetric.source",
        "type": [
          {
            "code": "Reference",
            "profile": [
              "https://www.medizininformatik-initiative.de/fhir/core/StructureDefinition/MII-Reference"
            ],
            "targetProfile": [
              "https://www.medizininformatik-initiative.de/fhir/ext/modul-icu/StructureDefinition/icu-device"
            ]
          }
        ],
        "mustSupport": true
      },
      {
        "id": "DeviceMetric.category",
        "path": "DeviceMetric.category",
        "mustSupport": true
      }
    ]
  }
}
