{
  "resourceType": "StructureDefinition",
  "id": "sd-mii-icu-spontane-mechanische-atemfrequenz-beatmet",
  "text": {
    "status": "empty",
    "div": "<div xmlns=\"http://www.w3.org/1999/xhtml\">No human-readable text provided in this case.</div>"
  },
  "url": "https://www.medizininformatik-initiative.de/fhir/ext/modul-icu/StructureDefinition/spontane-mechanische-atemfrequenz-beatmet",
  "version": "1.0.0",
  "name": "SD_MII_ICU_Spontane_Mechanische_Atemfrequenz_Beatmet",
  "title": "SD MII ICU Spontane Mechanische Atemfrequenz Beatmet",
  "status": "active",
  "fhirVersion": "4.0.1",
  "kind": "resource",
  "abstract": false,
  "type": "Observation",
  "baseDefinition": "https://www.medizininformatik-initiative.de/fhir/ext/modul-icu/StructureDefinition/parameter-von-beatmung",
  "derivation": "constraint",
  "differential": {
    "element": [
      {
        "id": "Observation.code.coding",
        "path": "Observation.code.coding",
        "min": 3
      },
      {
        "id": "Observation.code.coding:sct",
        "path": "Observation.code.coding",
        "sliceName": "sct",
        "min": 1,
        "max": "1",
        "patternCoding": {
          "system": "http://snomed.info/sct",
          "code": "250810003"
        }
      },
      {
        "id": "Observation.code.coding:loinc",
        "path": "Observation.code.coding",
        "sliceName": "loinc",
        "min": 1,
        "max": "1",
        "patternCoding": {
          "system": "http://loinc.org",
          "code": "19840-8"
        }
      },
      {
        "id": "Observation.code.coding:IEEE-11073",
        "path": "Observation.code.coding",
        "sliceName": "IEEE-11073",
        "min": 1,
        "max": "1",
        "patternCoding": {
          "system": "urn:iso:std:iso:11073:10101",
          "code": "152490"
        }
      },
      {
        "id": "Observation.effective[x]",
        "path": "Observation.effective[x]",
        "min": 1
      },
      {
        "id": "Observation.value[x]",
        "path": "Observation.value[x]",
        "patternQuantity": {
          "system": "http://unitsofmeasure.org",
          "code": "/min"
        }
      }
    ]
  }
}
