{
  "resourceType": "ValueSet",
  "id": "vs-mii-icu-category-observation-bilanzen-hl7",
  "text": {
    "status": "empty",
    "div": "<div xmlns=\"http://www.w3.org/1999/xhtml\">No human-readable text provided in this case.</div>"
  },
  "url": "https://www.medizininformatik-initiative.de/fhir/ext/modul-icu/ValueSet/category-observation-bilanzen-hl7",
  "version": "1.0.0",
  "name": "VS_MII_ICU_Category_Observation_Bilanzen_HL7",
  "title": "VS MII ICU Category Observation Bilanzen [HL7]",
  "status": "active",
  "experimental": false,
  "date": "2022-12-19",
  "publisher": "https://www.medizininformatik-initiative.de",
  "compose": {
    "include": [
      {
        "system": "http://terminology.hl7.org/CodeSystem/observation-category",
        "concept": [
          {
            "code": "vital-signs",
            "display": "Vital-Signs"
          },
          {
            "code": "exam",
            "display": "Exam"
          },
          {
            "code": "therapy",
            "display": "Therapy"
          }
        ]
      }
    ]
  }
}
