{
  "resourceType": "ValueSet",
  "id": "vs-mii-icu-unit-equivalent-ucum-l-per-minute-and-squaremeter",
  "text": {
    "status": "empty",
    "div": "<div xmlns=\"http://www.w3.org/1999/xhtml\">No human-readable text provided in this case.</div>"
  },
  "url": "https://www.medizininformatik-initiative.de/fhir/ext/modul-icu/ValueSet/ValueSet-Unit-equivalent-UCUM-L-per-minute-and-squaremeter",
  "version": "1.0.0",
  "name": "VS_MII_ICU_Unit_equivalent_UCUM_L_per_minute_and_squaremeter",
  "title": "VS MII ICU Unit equivalent UCUM L per minute and squaremeter",
  "status": "active",
  "experimental": false,
  "date": "2022-03-31",
  "publisher": "https://www.medizininformatik-initiative.de",
  "description": "Dieses ValueSet enthält äquivalente Codes für Volumen pro Zeit und Körperoberfläche",
  "compose": {
    "include": [
      {
        "system": "http://unitsofmeasure.org",
        "concept": [
          {
            "code": "L/min/m2"
          },
          {
            "code": "l/min/m2"
          },
          {
            "code": "L/(min.m2)"
          },
          {
            "code": "l/(min.m2)"
          }
        ]
      }
    ]
  }
}
