{
  "resourceType": "ValueSet",
  "id": "vs-mii-icu-code-observation-beatmung-loinc",
  "text": {
    "status": "empty",
    "div": "<div xmlns=\"http://www.w3.org/1999/xhtml\">No human-readable text provided in this case.</div>"
  },
  "url": "https://www.medizininformatik-initiative.de/fhir/ext/modul-icu/ValueSet/Code-Observation-Beatmung-LOINC",
  "version": "1.0.0",
  "name": "VS_MII_ICU_Code_Observation_Beatmung_LOINC",
  "title": "VS MII ICU Code Observation Beatmung [LOINC]",
  "status": "active",
  "experimental": false,
  "date": "2022-01-06",
  "publisher": "https://www.medizininformatik-initiative.de",
  "description": "Dieses ValueSet enthält Codes für die im Kontext einer Beatmung eingestellten oder gemessenen Parametern.",
  "compose": {
    "include": [
      {
        "system": "http://loinc.org",
        "concept": [
          {
            "code": "50984-4",
            "display": "Horowitz index in Arterial blood"
          },
          {
            "code": "33438-3",
            "display": "Breath rate mechanical --on ventilator"
          },
          {
            "code": "19839-0",
            "display": "Breath rate spontaneous --on ventilator"
          },
          {
            "code": "19840-8",
            "display": "Breath rate spontaneous and mechanical --on ventilator"
          },
          {
            "code": "76334-2",
            "display": "Inspiratory time setting Ventilator"
          },
          {
            "code": "76187-4",
            "display": "Expiratory hold time setting Ventilator"
          },
          {
            "code": "75931-6",
            "display": "Inspiration/Expiration time Ratio"
          },
          {
            "code": "20112-9",
            "display": "Tidal volume setting Ventilator"
          },
          {
            "code": "76222-9",
            "display": "Tidal volume Ventilator --on ventilator"
          },
          {
            "code": "20116-0",
            "display": "Tidal volume.spontaneous --on ventilator"
          },
          {
            "code": "76009-0",
            "display": "Inspired minute Volume during Mechanical ventilation"
          },
          {
            "code": "20118-6",
            "display": "Tidal volume.spontaneous+mechanical --on ventilator"
          },
          {
            "code": "76190-8",
            "display": "High pressure hold time setting Ventilator"
          },
          {
            "code": "76229-4",
            "display": "Low pressure hold time setting Ventilator"
          },
          {
            "code": "76275-7",
            "display": "Inspiratory flow setting Ventilator"
          },
          {
            "code": "60794-5",
            "display": "Inspiratory gas flow Respiratory system airway --on ventilator"
          },
          {
            "code": "60792-9",
            "display": "Expiratory gas flow Respiratory system airway --on ventilator"
          },
          {
            "code": "19994-3",
            "display": "Oxygen/Total gas setting [Volume Fraction] Ventilator"
          },
          {
            "code": "71835-3",
            "display": "Oxygen/Gas total [Pure volume fraction] Inhaled gas"
          },
          {
            "code": "3147-6",
            "display": "Oxygen [Partial pressure] in Exhaled gas"
          },
          {
            "code": "76530-5",
            "display": "Mean pressure Respiratory system airway --on ventilator"
          },
          {
            "code": "76531-3",
            "display": "Pressure.max Respiratory system airway --on ventilator"
          },
          {
            "code": "60827-3",
            "display": "Dynamic lung compliance"
          },
          {
            "code": "76248-4",
            "display": "PEEP Respiratory system --on ventilator"
          },
          {
            "code": "76154-4",
            "display": "Airway pressure delta --on ventilator"
          },
          {
            "code": "20056-8",
            "display": "Airway pressure --at mean expiratory flow on ventilator"
          },
          {
            "code": "20060-0",
            "display": "Airway pressure --at zero inspiratory flow on ventilator"
          },
          {
            "code": "19891-1",
            "display": "Carbon dioxide [Partial pressure] in Exhaled gas --at end expiration"
          },
          {
            "code": "20079-0",
            "display": "Pressure support setting Ventilator"
          }
        ]
      }
    ]
  }
}
