{
  "resourceType": "ValueSet",
  "id": "vs-mii-icu-observation-category-fixed",
  "text": {
    "status": "empty",
    "div": "<div xmlns=\"http://www.w3.org/1999/xhtml\">No human-readable text provided in this case.</div>"
  },
  "url": "https://www.medizininformatik-initiative.de/fhir/ext/modul-icu/ValueSet/observation-category-fixed",
  "version": "1.0.0",
  "name": "VS_MII_ICU_Observation_Category_Fixed",
  "title": "VS MII ICU Observation Category Fixed",
  "status": "active",
  "experimental": false,
  "date": "2024-02-02",
  "publisher": "https://www.medizininformatik-initiative.de",
  "compose": {
    "include": [
      {
        "system": "https://www.medizininformatik-initiative.de/fhir/ext/modul-icu/ValueSet/observation-category-fixed",
        "concept": [
          {
            "code": "score",
            "display": "Score"
          },
          {
            "code": "bilanz",
            "display": "Bilanz"
          }
        ]
      }
    ]
  }
}
