{
  "resourceType": "ValueSet",
  "id": "vs-mii-icu-bodysite-observation-extrakorporale-verfahren",
  "text": {
    "status": "empty",
    "div": "<div xmlns=\"http://www.w3.org/1999/xhtml\">No human-readable text provided in this case.</div>"
  },
  "url": "https://www.medizininformatik-initiative.de/fhir/ext/modul-icu/ValueSet/BodySite-Observation-extrakorporale-Verfahren",
  "version": "1.0.0",
  "name": "VS_MII_ICU_BodySite_Observation_extrakorporale_Verfahren",
  "title": "VS MII ICU BodySite Observation extrakorporale Verfahren",
  "status": "active",
  "experimental": false,
  "date": "2022-06-03",
  "publisher": "https://www.medizininformatik-initiative.de",
  "description": "Dieses ValueSet enthält Codes für bodySites für die im Kontext von extrakoralen Verfahren eingestellten oder gemessenen Parametern.",
  "compose": {
    "include": [
      {
        "system": "http://snomed.info/sct",
        "concept": [
          {
            "code": "87612001"
          }
        ]
      }
    ]
  }
}
