{
  "resourceType": "ValueSet",
  "id": "vs-mii-icu-unit-equivalent-ucum-breaths-per-minute",
  "text": {
    "status": "empty",
    "div": "<div xmlns=\"http://www.w3.org/1999/xhtml\">No human-readable text provided in this case.</div>"
  },
  "url": "https://www.medizininformatik-initiative.de/fhir/ext/modul-icu/ValueSet/ValueSet-Unit-equivalent-UCUM-breaths_per-minute",
  "version": "1.0.0",
  "name": "VS_MII_ICU_Unit_equivalent_UCUM_breaths_per_minute",
  "title": "VS MII ICU Unit equivalent UCUM breaths per minute",
  "status": "active",
  "experimental": false,
  "date": "2022-03-31",
  "publisher": "https://www.medizininformatik-initiative.de",
  "description": "Dieses ValueSet enthält äquivalente Codes für Atemzüge pro Minute.",
  "compose": {
    "include": [
      {
        "system": "http://unitsofmeasure.org",
        "concept": [
          {
            "code": "/min"
          },
          {
            "code": "{breaths}/min"
          },
          {
            "code": "{Breaths}/min"
          }
        ]
      }
    ]
  }
}
