{
  "resourceType": "StructureDefinition",
  "id": "sd-mii-icu-extrakorporales-verfahren",
  "text": {
    "status": "empty",
    "div": "<div xmlns=\"http://www.w3.org/1999/xhtml\">No human-readable text provided in this case.</div>"
  },
  "url": "https://www.medizininformatik-initiative.de/fhir/ext/modul-icu/StructureDefinition/extrakorporales-verfahren",
  "version": "1.0.0",
  "name": "SD_MII_ICU_Extrakorporales_Verfahren",
  "title": "SD MII ICU Extrakorporales Verfahren",
  "status": "active",
  "contact": [
    {
      "name": "Müller, Christoph",
      "telecom": [
        {
          "system": "email",
          "value": "christmueller@ukaachen.de"
        }
      ]
    }
  ],
  "fhirVersion": "4.0.1",
  "mapping": [
    {
      "identity": "workflow",
      "uri": "http://hl7.org/fhir/workflow",
      "name": "Workflow Pattern"
    },
    {
      "identity": "rim",
      "uri": "http://hl7.org/v3",
      "name": "RIM Mapping"
    },
    {
      "identity": "w5",
      "uri": "http://hl7.org/fhir/fivews",
      "name": "FiveWs Pattern Mapping"
    },
    {
      "identity": "v2",
      "uri": "http://hl7.org/v2",
      "name": "HL7 v2 Mapping"
    }
  ],
  "kind": "resource",
  "abstract": false,
  "type": "Procedure",
  "baseDefinition": "https://www.medizininformatik-initiative.de/fhir/core/modul-prozedur/StructureDefinition/Procedure",
  "derivation": "constraint",
  "differential": {
    "element": [
      {
        "id": "Procedure.category",
        "path": "Procedure.category",
        "min": 1
      },
      {
        "id": "Procedure.category.coding",
        "path": "Procedure.category.coding",
        "min": 1,
        "max": "1"
      },
      {
        "id": "Procedure.category.coding:sct",
        "path": "Procedure.category.coding",
        "sliceName": "sct",
        "patternCoding": {
          "system": "http://snomed.info/sct",
          "code": "182744004"
        }
      },
      {
        "id": "Procedure.category.coding:sct.system",
        "path": "Procedure.category.coding.system",
        "patternUri": "http://snomed.info/sct"
      },
      {
        "id": "Procedure.category.coding:sct.display",
        "path": "Procedure.category.coding.display",
        "mustSupport": true
      },
      {
        "id": "Procedure.code.coding",
        "path": "Procedure.code.coding"
      },
      {
        "id": "Procedure.code.coding:ops",
        "path": "Procedure.code.coding",
        "sliceName": "ops"
      },
      {
        "id": "Procedure.code.coding:ops.system",
        "path": "Procedure.code.coding.system",
        "min": 1
      },
      {
        "id": "Procedure.code.coding:ops.code",
        "path": "Procedure.code.coding.code",
        "min": 1
      },
      {
        "id": "Procedure.code.coding:sct",
        "path": "Procedure.code.coding",
        "sliceName": "sct",
        "binding": {
          "strength": "required",
          "description": "Liste aller SNOMED Codes für extrakorporale Verfahren (i.d.R: Untercodes von 182744004)",
          "valueSet": "https://www.medizininformatik-initiative.de/fhir/ext/modul-icu/ValueSet/MII_Code_Extrakorporale_Verfahren"
        }
      },
      {
        "id": "Procedure.code.coding:sct.display",
        "path": "Procedure.code.coding.display",
        "mustSupport": true
      },
      {
        "id": "Procedure.encounter",
        "path": "Procedure.encounter",
        "type": [
          {
            "code": "Reference",
            "profile": [
              "https://www.medizininformatik-initiative.de/fhir/core/StructureDefinition/MII-Reference"
            ]
          }
        ],
        "mustSupport": true
      },
      {
        "id": "Procedure.performed[x]",
        "path": "Procedure.performed[x]",
        "type": [
          {
            "code": "Period"
          }
        ]
      },
      {
        "id": "Procedure.performed[x].start",
        "path": "Procedure.performed[x].start",
        "min": 1,
        "mustSupport": true
      },
      {
        "id": "Procedure.performed[x].end",
        "path": "Procedure.performed[x].end",
        "mustSupport": true
      },
      {
        "id": "Procedure.recorder",
        "path": "Procedure.recorder",
        "type": [
          {
            "code": "Reference",
            "profile": [
              "https://www.medizininformatik-initiative.de/fhir/core/StructureDefinition/MII-Reference"
            ],
            "targetProfile": [
              "http://hl7.org/fhir/StructureDefinition/Patient",
              "http://hl7.org/fhir/StructureDefinition/Practitioner",
              "http://hl7.org/fhir/StructureDefinition/PractitionerRole"
            ]
          }
        ],
        "mustSupport": true
      }
    ]
  }
}
