{
  "resourceType": "StructureDefinition",
  "id": "sd-mii-icu-bilanz-ausfuhr-pankreasdrainage",
  "text": {
    "status": "empty",
    "div": "<div xmlns=\"http://www.w3.org/1999/xhtml\">No human-readable text provided in this case.</div>"
  },
  "url": "https://www.medizininformatik-initiative.de/fhir/ext/modul-icu/StructureDefinition/bilanz-ausfuhr-pankreasdrainage",
  "name": "SD_MII_ICU_Bilanz_Ausfuhr_Pankreasdrainage",
  "title": "SD MII ICU Bilanz Ausfuhr Pankreasdrainage",
  "status": "draft",
  "fhirVersion": "4.0.1",
  "kind": "resource",
  "abstract": false,
  "type": "Observation",
  "baseDefinition": "https://www.medizininformatik-initiative.de/fhir/ext/modul-icu/StructureDefinition/bilanz",
  "derivation": "constraint",
  "differential": {
    "element": [
      {
        "id": "Observation.category.coding:hl7-category",
        "path": "Observation.category.coding",
        "sliceName": "hl7-category",
        "patternCoding": {
          "code": "exam"
        }
      },
      {
        "id": "Observation.code.coding:sct",
        "path": "Observation.code.coding",
        "sliceName": "sct",
        "patternCoding": {
          "code": "1162668004"
        }
      },
      {
        "id": "Observation.code.coding:loinc",
        "path": "Observation.code.coding",
        "sliceName": "loinc",
        "max": "0"
      },
      {
        "id": "Observation.code.coding:IEEE-11073",
        "path": "Observation.code.coding",
        "sliceName": "IEEE-11073",
        "max": "0"
      }
    ]
  }
}