{
  "resourceType": "Observation",
  "id": "exa-mii-icu-muv-zentralvenoeser-blutdruck",
  "meta": {
    "profile": [
      "https://gematik.de/fhir/isik/StructureDefinition/sd-mii-icu-zentralvenoeser-blutdruck"
    ]
  },
  "status": "final",
  "category": [
    {
      "coding": [
        {
          "system": "http://terminology.hl7.org/CodeSystem/observation-category",
          "code": "vital-signs"
        }
      ]
    }
  ],
  "code": {
    "coding": [
      {
        "system": "http://loinc.org",
        "code": "60985-9",
        "display": "Central venous pressure (CVP)"
      },
      {
        "system": "http://snomed.info/sct",
        "code": "71420008",
        "display": "Central venous pressure (observable entity)"
      },
      {
        "system": "urn:iso:std:iso:11073:10101",
        "code": "150084",
        "display": "Central venous pressure"
      }
    ]
  },
  "subject": {
    "reference": "Patient/111"
  },
  "effectivePeriod": {
    "start": "2019-12-23T09:30:10+01:00",
    "end": "2019-12-23T10:30:10+01:00"
  },
  "valueQuantity": {
    "value": 12,
    "unit": "millimeter Mercury column",
    "system": "http://unitsofmeasure.org",
    "code": "mm[Hg]"
  }
}
