{
	"resourceType": "Observation",
	"id": "exa-mii-icu-bilanz-abnahme-haemofiltration-einzelmesswerte",
	"meta": {
		"profile": [
			"https://www.medizininformatik-initiative.de/fhir/ext/modul-icu/StructureDefinition/bilanz-abnahme-haemofiltration-einzelmesswerte"
		]
	},
	"status": "final",
	"category": [
		{
			"coding": [
				{
					"system": "https://terminology.hl7.org/4.0.0/CodeSystem-observation-category.html",
					"code": "vital-sign"
				},
				{
					"system": "http://snomed.info/sct",
					"code": "364396009",
					"display": "Fluid balance observable (observable entity)"
				},
				{
					"system": "https://www.medizininformatik-initiative.de/fhir/ext/modul-icu/ValueSet/observation-category-fixed",
					"code": "bilanz"
				}
			]
		}
	],
	"code": {
		"coding": [
			{
				"system": "http://snomed.info/sct",
				"code": "251850009",
				"display": "Ultrafiltrate fluid loss (observable entity)"
			},
			{
				"system": "http://loinc.org",
				"code": "99741-1"
			}
		]
	},
	"subject": {
		"reference": "Patient/111"
	},
	"effectivePeriod": {
		"start": "2019-12-23T09:30:10+01:00",
		"end": "2019-12-24T09:30:10+01:00"
	},
	"valueQuantity": {
		"value": 200.0,
		"system": "http://unitsofmeasure.org",
		"code": "ml"
	}
}