{
  "resourceType": "Procedure",
  "id": "exa-mii-icu-ecmo",
  "meta": {
    "profile": [
      "https://www.medizininformatik-initiative.de/fhir/ext/modul-icu/StructureDefinition/extrakorporales-verfahren"
    ]
  },
  "status": "completed",
  "category": {
    "coding": [
      {
        "system": "http://terminology.hl7.org/CodeSystem/observation-category",
        "code": "procedure",
        "display": "Procedure"
      }
    ]
  },
  "code": {
    "coding": [
      {
        "system": "http://snomed.info/sct",
        "code": "786453001",
        "display": "Venovenous extracorporeal membrane oxygenation (procedure)"
      }
    ]
  },
  "subject": {
    "type": "Patient",
    "identifier": {
      "system": "http://example.com",
      "value": "1234"
    }
  },
  "encounter": {
    "type": "Encounter",
    "identifier": {
      "system": "http://example.com",
      "value": "5678"
    }
  },
  "performedPeriod": {
    "start": "2021-12-06T00:52:00+01:00",
    "end": "2021-12-06T14:34:00+01:00"
  }
}
