{
  "resourceType": "DeviceMetric",
  "id": "exa-mii-icu-ecmo-gemessene-parameter-ecmo",
  "meta": {
    "profile": [
      "https://www.medizininformatik-initiative.de/fhir/ext/modul-icu/StructureDefinition/devicemetric-eingestellte-gemessene-parameter-extrakorporale-verfahren"
    ]
  },
  "type": {
    "coding": [
      {
        "code": "182744004",
        "system": "http://snomed.info/sct",
        "display": "Extracorporeal circulation procedure (procedure)"
      }
    ]
  },
  "category": "measurement"
}
