{
  "resourceType": "Observation",
  "id": "exa-mii-icu-muv-linksventrikulaeres-schlagvolumen",
  "meta": {
    "profile": [
      "https://www.medizininformatik-initiative.de/fhir/ext/modul-icu/StructureDefinition/linksventrikulaeres-schlagvolumen"
    ]
  },
  "status": "final",
  "category": [
    {
      "coding": [
        {
          "system": "http://terminology.hl7.org/CodeSystem/observation-category",
          "code": "vital-signs"
        }
      ]
    }
  ],
  "code": {
    "coding": [
      {
        "system": "http://loinc.org",
        "code": "20562-5",
        "display": "Left ventricular Stroke volume"
      },
      {
        "system": "http://snomed.info/sct",
        "code": "90096001",
        "display": "Stroke volume (observable entity)"
      },
      {
        "system": "urn:iso:std:iso:11073:10101",
        "code": "150428",
        "display": "Ventricular stroke"
      }
    ]
  },
  "subject": {
    "reference": "Patient/111"
  },
  "effectivePeriod": {
    "start": "2019-12-23T09:30:10+01:00",
    "end": "2019-12-23T10:30:10+01:00"
  },
  "valueQuantity": {
    "value": 70,
    "unit": "milliliter",
    "system": "http://unitsofmeasure.org",
    "code": "mL"
  }
}
