{
  "resourceType": "Observation",
  "id": "exa-mii-icu-vent-exspiratorischer-sauerstoffpartialdruck",
  "meta": {
    "profile": [
      "https://www.medizininformatik-initiative.de/fhir/ext/modul-icu/StructureDefinition/exspiratorischer-sauerstoffpartialdruck"
    ]
  },
  "partOf": [
    {
      "reference": "Procedure/example"
    }
  ],
  "status": "final",
  "category": [
    {
      "coding": [
        {
          "system": "http://snomed.info/sct",
          "code": "40617009",
          "display": "Artificial respiration (procedure)"
        }
      ]
    }
  ],
  "code": {
    "coding": [
      {
        "system": "http://loinc.org",
        "code": "3147-6",
        "display": "Oxygen [Partial pressure] in Exhaled gas"
      },
      {
        "system": "http://snomed.info/sct",
        "code": "442720002",
        "display": "Expired oxygen tension (observable entity)"
      },
      {
        "system": "urn:iso:std:iso:11073:10101",
        "code": "153132",
        "display": "Expired oxygen concentration (or partial pressure) in airway gas"
      }
    ]
  },
  "subject": {
    "reference": "Patient/111"
  },
  "effectivePeriod": {
    "start": "2019-12-23T09:30:10+01:00",
    "end": "2019-12-23T10:30:10+01:00"
  },
  "valueQuantity": {
    "value": 180.0,
    "system": "http://unitsofmeasure.org",
    "code": "mm[Hg]"
  },
  "device": {
    "reference": "DeviceMetric/Example_Gemessene_Parameter_Beatmung"
  }
}
