{
    "resourceType": "SearchParameter",
    "id": "sp-mii-icu-observation-issued",
    "url": "https://www.medizininformatik-initiative.de/fhir/ext/modul-icu/SearchParameter/observation-issued",
    "version": "2024.0.0-ballot",
    "publisher": "Medizininformatik Initiative",
    "contact":  [
        {
            "telecom":  [
                {
                    "system": "url",
                    "value": "https://www.medizininformatik-initiative.de"
                }
            ]
        }
    ],
    "name": "SP_MII_ICU_Observation_Issued",
    "status": "active",
    "experimental": false,
    "date": "2024-01-02",
    "description": "Suchparameter für Observation.issued",
    "code": "issued",
    "base":  [
        "Observation"
    ],
    "type": "date",
    "expression": "Observation.issued"
}