{
    "resourceType": "SearchParameter",
    "id": "sp-mii-icu-devicemetric-source",
    "url": "https://www.medizininformatik-initiative.de/fhir/ext/modul-icu/SearchParameter/devicemetric-source",
    "version": "2024.0.0-ballot",
    "publisher": "Medizininformatik Initiative",
    "contact":  [
        {
            "telecom":  [
                {
                    "system": "url",
                    "value": "https://www.medizininformatik-initiative.de"
                }
            ]
        }
    ],
    "name": "SP_MII_ICU_DeviceMetric_Source",
    "status": "active",
    "experimental": false,
    "date": "2024-01-02",
    "description": "Suchparameter für DeviceMetric.source",
    "code": "source",
    "base":  [
        "DeviceMetric"
    ],
    "type": "reference",
    "expression": "DeviceMetric.source"
}