{
  "resourceType": "StructureDefinition",
  "id": "sd-mii-icu-einstellung-ausatmungszeit-beatmung",
  "text": {
    "status": "empty",
    "div": "<div xmlns=\"http://www.w3.org/1999/xhtml\">No human-readable text provided in this case.</div>"
  },
  "url": "https://www.medizininformatik-initiative.de/fhir/ext/modul-icu/StructureDefinition/einstellung-ausatmungszeit-beatmung",
  "version": "1.0.0",
  "name": "SD_MII_ICU_Einstellung_Ausatmungszeit_Beatmung",
  "title": "SD MII ICU Einstellung Ausatmungszeit Beatmung",
  "status": "active",
  "fhirVersion": "4.0.1",
  "kind": "resource",
  "abstract": false,
  "type": "Observation",
  "baseDefinition": "https://www.medizininformatik-initiative.de/fhir/ext/modul-icu/StructureDefinition/parameter-von-beatmung",
  "derivation": "constraint",
  "differential": {
    "element": [
      {
        "id": "Observation.code.coding",
        "path": "Observation.code.coding",
        "min": 2
      },
      {
        "id": "Observation.code.coding:sct",
        "path": "Observation.code.coding",
        "sliceName": "sct",
        "min": 1,
        "max": "1",
        "patternCoding": {
          "system": "http://snomed.info/sct",
          "code": "250820008"
        }
      },
      {
        "id": "Observation.code.coding:loinc",
        "path": "Observation.code.coding",
        "sliceName": "loinc",
        "min": 1,
        "max": "1",
        "patternCoding": {
          "system": "http://loinc.org",
          "code": "76187-4"
        }
      },
      {
        "id": "Observation.code.coding:IEEE-11073",
        "path": "Observation.code.coding",
        "sliceName": "IEEE-11073",
        "max": "0",
        "patternCoding": {
          "system": "urn:iso:std:iso:11073:10101"
        }
      },
      {
        "id": "Observation.effective[x]",
        "path": "Observation.effective[x]",
        "min": 1
      },
      {
        "id": "Observation.value[x]",
        "path": "Observation.value[x]",
        "patternQuantity": {
          "system": "http://unitsofmeasure.org",
          "code": "s"
        }
      }
    ]
  }
}
