{
  "resourceType": "StructureDefinition",
  "id": "sd-mii-icu-arterieller-blutdruck",
  "text": {
    "status": "empty",
    "div": "<div xmlns=\"http://www.w3.org/1999/xhtml\">No human-readable text provided in this case.</div>"
  },
  "url": "https://www.medizininformatik-initiative.de/fhir/ext/modul-icu/StructureDefinition/arterieller-blutdruck",
  "version": "1.0.0",
  "name": "SD_MII_ICU_Arterieller_Blutdruck",
  "title": "SD MII ICU Arterieller Blutdruck",
  "status": "active",
  "fhirVersion": "4.0.1",
  "kind": "resource",
  "abstract": false,
  "type": "Observation",
  "baseDefinition": "http://fhir.de/StructureDefinition/observation-de-vitalsign-blutdruck",
  "derivation": "constraint",
  "differential": {
    "element": [
      {
        "id": "Observation.category",
        "path": "Observation.category",
        "mustSupport": true
      },
      {
        "id": "Observation.code",
        "path": "Observation.code",
        "mustSupport": true
      },
      {
        "id": "Observation.code.coding",
        "path": "Observation.code.coding",
        "slicing": {
          "discriminator": [
            {
              "type": "pattern",
              "path": "$this"
            }
          ],
          "rules": "open"
        },
        "min": 1,
        "mustSupport": true
      },
      {
        "id": "Observation.code.coding:loinc",
        "path": "Observation.code.coding",
        "sliceName": "loinc",
        "patternCoding": {
          "system": "http://loinc.org"
        },
        "mustSupport": true
      },
      {
        "id": "Observation.code.coding:loinc.system",
        "path": "Observation.code.coding.system",
        "min": 1,
        "mustSupport": true
      },
      {
        "id": "Observation.code.coding:loinc.code",
        "path": "Observation.code.coding.code",
        "min": 1,
        "mustSupport": true
      },
      {
        "id": "Observation.code.coding:loinc.display",
        "path": "Observation.code.coding.display",
        "mustSupport": true
      },
      {
        "id": "Observation.code.coding:sct",
        "path": "Observation.code.coding",
        "sliceName": "sct",
        "min": 1,
        "max": "1",
        "patternCoding": {
          "system": "http://snomed.info/sct",
          "code": "364090009"
        },
        "mustSupport": true
      },
      {
        "id": "Observation.code.coding:sct.system",
        "path": "Observation.code.coding.system",
        "min": 1,
        "mustSupport": true
      },
      {
        "id": "Observation.code.coding:sct.code",
        "path": "Observation.code.coding.code",
        "min": 1,
        "mustSupport": true
      },
      {
        "id": "Observation.code.coding:sct.display",
        "path": "Observation.code.coding.display",
        "mustSupport": true
      },
      {
        "id": "Observation.subject",
        "path": "Observation.subject",
        "mustSupport": true
      },
      {
        "id": "Observation.encounter",
        "path": "Observation.encounter",
        "mustSupport": true
      },
      {
        "id": "Observation.effective[x]",
        "path": "Observation.effective[x]",
        "type": [
          {
            "code": "dateTime"
          },
          {
            "code": "Period"
          }
        ],
        "mustSupport": true
      },
      {
        "id": "Observation.value[x]",
        "path": "Observation.value[x]",
        "mustSupport": true
      },
      {
        "id": "Observation.dataAbsentReason",
        "path": "Observation.dataAbsentReason",
        "max": "0",
        "mustSupport": true
      },
      {
        "id": "Observation.interpretation",
        "path": "Observation.interpretation",
        "mustSupport": true
      },
      {
        "id": "Observation.bodySite",
        "path": "Observation.bodySite",
        "mustSupport": true
      },
      {
        "id": "Observation.method",
        "path": "Observation.method",
        "mustSupport": true
      },
      {
        "id": "Observation.device",
        "path": "Observation.device",
        "mustSupport": true
      },
      {
        "id": "Observation.referenceRange",
        "path": "Observation.referenceRange",
        "max": "1",
        "mustSupport": true
      },
      {
        "id": "Observation.component",
        "path": "Observation.component",
        "max": "3",
        "mustSupport": true
      },
      {
        "id": "Observation.component:SystolicBP",
        "path": "Observation.component",
        "sliceName": "SystolicBP",
        "mustSupport": true
      },
      {
        "id": "Observation.component:SystolicBP.code.coding",
        "path": "Observation.component.code.coding",
        "slicing": {
          "discriminator": [
            {
              "type": "pattern",
              "path": "$this"
            }
          ],
          "rules": "open"
        },
        "min": 3
      },
      {
        "id": "Observation.component:SystolicBP.code.coding:loinc",
        "path": "Observation.component.code.coding",
        "sliceName": "loinc",
        "min": 1,
        "max": "1",
        "patternCoding": {
          "system": "http://loinc.org",
          "code": "8480-6"
        },
        "mustSupport": true
      },
      {
        "id": "Observation.component:SystolicBP.code.coding:loinc.system",
        "path": "Observation.component.code.coding.system",
        "min": 1,
        "mustSupport": true
      },
      {
        "id": "Observation.component:SystolicBP.code.coding:loinc.code",
        "path": "Observation.component.code.coding.code",
        "min": 1,
        "mustSupport": true
      },
      {
        "id": "Observation.component:SystolicBP.code.coding:loinc.display",
        "path": "Observation.component.code.coding.display",
        "mustSupport": true
      },
      {
        "id": "Observation.component:SystolicBP.code.coding:sct",
        "path": "Observation.component.code.coding",
        "sliceName": "sct",
        "min": 1,
        "max": "1",
        "patternCoding": {
          "system": "http://snomed.info/sct",
          "code": "271649006"
        },
        "mustSupport": true
      },
      {
        "id": "Observation.component:SystolicBP.code.coding:sct.system",
        "path": "Observation.component.code.coding.system",
        "min": 1,
        "mustSupport": true
      },
      {
        "id": "Observation.component:SystolicBP.code.coding:sct.code",
        "path": "Observation.component.code.coding.code",
        "min": 1,
        "mustSupport": true
      },
      {
        "id": "Observation.component:SystolicBP.code.coding:sct.display",
        "path": "Observation.component.code.coding.display",
        "mustSupport": true
      },
      {
        "id": "Observation.component:SystolicBP.code.coding:IEEE-11073",
        "path": "Observation.component.code.coding",
        "sliceName": "IEEE-11073",
        "min": 1,
        "max": "1",
        "patternCoding": {
          "system": "urn:iso:std:iso:11073:10101",
          "code": "150017"
        },
        "mustSupport": true
      },
      {
        "id": "Observation.component:SystolicBP.code.coding:IEEE-11073.system",
        "path": "Observation.component.code.coding.system",
        "min": 1,
        "mustSupport": true
      },
      {
        "id": "Observation.component:SystolicBP.code.coding:IEEE-11073.code",
        "path": "Observation.component.code.coding.code",
        "min": 1,
        "mustSupport": true
      },
      {
        "id": "Observation.component:SystolicBP.code.coding:IEEE-11073.display",
        "path": "Observation.component.code.coding.display",
        "mustSupport": true
      },
      {
        "id": "Observation.component:SystolicBP.value[x]",
        "path": "Observation.component.value[x]",
        "patternQuantity": {
          "unit": "millimeter Mercury column",
          "system": "http://unitsofmeasure.org",
          "code": "mm[Hg]"
        },
        "mustSupport": true
      },
      {
        "id": "Observation.component:SystolicBP.value[x].value",
        "path": "Observation.component.value[x].value",
        "min": 1,
        "mustSupport": true
      },
      {
        "id": "Observation.component:SystolicBP.value[x].unit",
        "path": "Observation.component.value[x].unit",
        "min": 1,
        "mustSupport": true
      },
      {
        "id": "Observation.component:SystolicBP.value[x].system",
        "path": "Observation.component.value[x].system",
        "min": 1,
        "mustSupport": true
      },
      {
        "id": "Observation.component:SystolicBP.value[x].code",
        "path": "Observation.component.value[x].code",
        "min": 1,
        "mustSupport": true
      },
      {
        "id": "Observation.component:SystolicBP.dataAbsentReason",
        "path": "Observation.component.dataAbsentReason",
        "mustSupport": true
      },
      {
        "id": "Observation.component:DiastolicBP",
        "path": "Observation.component",
        "sliceName": "DiastolicBP",
        "mustSupport": true
      },
      {
        "id": "Observation.component:DiastolicBP.code.coding",
        "path": "Observation.component.code.coding",
        "slicing": {
          "discriminator": [
            {
              "type": "pattern",
              "path": "$this"
            }
          ],
          "rules": "open"
        },
        "min": 3
      },
      {
        "id": "Observation.component:DiastolicBP.code.coding:loinc",
        "path": "Observation.component.code.coding",
        "sliceName": "loinc",
        "min": 1,
        "max": "1",
        "patternCoding": {
          "system": "http://loinc.org",
          "code": "8462-4"
        },
        "mustSupport": true
      },
      {
        "id": "Observation.component:DiastolicBP.code.coding:loinc.system",
        "path": "Observation.component.code.coding.system",
        "min": 1,
        "mustSupport": true
      },
      {
        "id": "Observation.component:DiastolicBP.code.coding:loinc.code",
        "path": "Observation.component.code.coding.code",
        "min": 1,
        "mustSupport": true
      },
      {
        "id": "Observation.component:DiastolicBP.code.coding:loinc.display",
        "path": "Observation.component.code.coding.display",
        "mustSupport": true
      },
      {
        "id": "Observation.component:DiastolicBP.code.coding:sct",
        "path": "Observation.component.code.coding",
        "sliceName": "sct",
        "min": 1,
        "max": "1",
        "patternCoding": {
          "system": "http://snomed.info/sct",
          "code": "271650006"
        },
        "mustSupport": true
      },
      {
        "id": "Observation.component:DiastolicBP.code.coding:sct.system",
        "path": "Observation.component.code.coding.system",
        "min": 1,
        "mustSupport": true
      },
      {
        "id": "Observation.component:DiastolicBP.code.coding:sct.code",
        "path": "Observation.component.code.coding.code",
        "min": 1,
        "mustSupport": true
      },
      {
        "id": "Observation.component:DiastolicBP.code.coding:sct.display",
        "path": "Observation.component.code.coding.display",
        "mustSupport": true
      },
      {
        "id": "Observation.component:DiastolicBP.code.coding:IEEE-11073",
        "path": "Observation.component.code.coding",
        "sliceName": "IEEE-11073",
        "min": 1,
        "max": "1",
        "patternCoding": {
          "system": "urn:iso:std:iso:11073:10101",
          "code": "150018"
        },
        "mustSupport": true
      },
      {
        "id": "Observation.component:DiastolicBP.code.coding:IEEE-11073.system",
        "path": "Observation.component.code.coding.system",
        "min": 1,
        "mustSupport": true
      },
      {
        "id": "Observation.component:DiastolicBP.code.coding:IEEE-11073.code",
        "path": "Observation.component.code.coding.code",
        "min": 1,
        "mustSupport": true
      },
      {
        "id": "Observation.component:DiastolicBP.code.coding:IEEE-11073.display",
        "path": "Observation.component.code.coding.display",
        "mustSupport": true
      },
      {
        "id": "Observation.component:DiastolicBP.value[x]",
        "path": "Observation.component.value[x]",
        "patternQuantity": {
          "unit": "millimeter Mercury column",
          "system": "http://unitsofmeasure.org",
          "code": "mm[Hg]"
        },
        "mustSupport": true
      },
      {
        "id": "Observation.component:DiastolicBP.value[x].value",
        "path": "Observation.component.value[x].value",
        "min": 1,
        "mustSupport": true
      },
      {
        "id": "Observation.component:DiastolicBP.value[x].unit",
        "path": "Observation.component.value[x].unit",
        "min": 1,
        "mustSupport": true
      },
      {
        "id": "Observation.component:DiastolicBP.value[x].system",
        "path": "Observation.component.value[x].system",
        "min": 1,
        "mustSupport": true
      },
      {
        "id": "Observation.component:DiastolicBP.value[x].code",
        "path": "Observation.component.value[x].code",
        "min": 1,
        "mustSupport": true
      },
      {
        "id": "Observation.component:DiastolicBP.dataAbsentReason",
        "path": "Observation.component.dataAbsentReason",
        "mustSupport": true
      },
      {
        "id": "Observation.component:meanBP",
        "path": "Observation.component",
        "sliceName": "meanBP",
        "mustSupport": true
      },
      {
        "id": "Observation.component:meanBP.code.coding",
        "path": "Observation.component.code.coding",
        "slicing": {
          "discriminator": [
            {
              "type": "pattern",
              "path": "$this"
            }
          ],
          "rules": "open"
        },
        "min": 3
      },
      {
        "id": "Observation.component:meanBP.code.coding:loinc",
        "path": "Observation.component.code.coding",
        "sliceName": "loinc",
        "min": 1,
        "max": "1",
        "patternCoding": {
          "system": "http://loinc.org",
          "code": "8478-0"
        },
        "mustSupport": true
      },
      {
        "id": "Observation.component:meanBP.code.coding:loinc.system",
        "path": "Observation.component.code.coding.system",
        "min": 1,
        "mustSupport": true
      },
      {
        "id": "Observation.component:meanBP.code.coding:loinc.code",
        "path": "Observation.component.code.coding.code",
        "min": 1,
        "mustSupport": true
      },
      {
        "id": "Observation.component:meanBP.code.coding:loinc.display",
        "path": "Observation.component.code.coding.display",
        "mustSupport": true
      },
      {
        "id": "Observation.component:meanBP.code.coding:sct",
        "path": "Observation.component.code.coding",
        "sliceName": "sct",
        "min": 1,
        "max": "1",
        "patternCoding": {
          "system": "http://snomed.info/sct",
          "code": "6797001"
        },
        "mustSupport": true
      },
      {
        "id": "Observation.component:meanBP.code.coding:sct.system",
        "path": "Observation.component.code.coding.system",
        "min": 1,
        "mustSupport": true
      },
      {
        "id": "Observation.component:meanBP.code.coding:sct.code",
        "path": "Observation.component.code.coding.code",
        "min": 1,
        "mustSupport": true
      },
      {
        "id": "Observation.component:meanBP.code.coding:sct.display",
        "path": "Observation.component.code.coding.display",
        "mustSupport": true
      },
      {
        "id": "Observation.component:meanBP.code.coding:IEEE-11073",
        "path": "Observation.component.code.coding",
        "sliceName": "IEEE-11073",
        "min": 1,
        "max": "1",
        "patternCoding": {
          "system": "urn:iso:std:iso:11073:10101",
          "code": "150019"
        },
        "mustSupport": true
      },
      {
        "id": "Observation.component:meanBP.code.coding:IEEE-11073.system",
        "path": "Observation.component.code.coding.system",
        "min": 1,
        "mustSupport": true
      },
      {
        "id": "Observation.component:meanBP.code.coding:IEEE-11073.code",
        "path": "Observation.component.code.coding.code",
        "min": 1,
        "mustSupport": true
      },
      {
        "id": "Observation.component:meanBP.code.coding:IEEE-11073.display",
        "path": "Observation.component.code.coding.display",
        "mustSupport": true
      },
      {
        "id": "Observation.component:meanBP.value[x]",
        "path": "Observation.component.value[x]",
        "patternQuantity": {
          "unit": "millimeter Mercury column",
          "system": "http://unitsofmeasure.org",
          "code": "mm[Hg]"
        },
        "mustSupport": true
      },
      {
        "id": "Observation.component:meanBP.value[x].value",
        "path": "Observation.component.value[x].value",
        "min": 1,
        "mustSupport": true
      },
      {
        "id": "Observation.component:meanBP.value[x].unit",
        "path": "Observation.component.value[x].unit",
        "min": 1,
        "mustSupport": true
      },
      {
        "id": "Observation.component:meanBP.value[x].system",
        "path": "Observation.component.value[x].system",
        "min": 1,
        "mustSupport": true
      },
      {
        "id": "Observation.component:meanBP.value[x].code",
        "path": "Observation.component.value[x].code",
        "min": 1,
        "mustSupport": true
      },
      {
        "id": "Observation.component:meanBP.dataAbsentReason",
        "path": "Observation.component.dataAbsentReason",
        "mustSupport": true
      }
    ]
  }
}
