{
  "resourceType": "Observation",
  "id": "exa-mii-icu-vent-mechanische-atemfrequenz-beatmet",
  "meta": {
    "profile": [
      "https://www.medizininformatik-initiative.de/fhir/ext/modul-icu/StructureDefinition/mechanische-atemfrequenz-beatmet"
    ]
  },
  "partOf": [
    {
      "reference": "Procedure/example"
    }
  ],
  "status": "final",
  "category": [
    {
      "coding": [
        {
          "system": "http://snomed.info/sct",
          "code": "40617009",
          "display": "Artificial respiration (procedure)"
        }
      ]
    }
  ],
  "code": {
    "coding": [
      {
        "system": "http://snomed.info/sct",
        "code": "250876000",
        "display": "Ventilator rate (observable entity)"
      },
      {
        "system": "http://loinc.org",
        "code": "33438-3",
        "display": "Breath rate mechanical --on ventilator"
      },
      {
        "system": "urn:iso:std:iso:11073:10101",
        "code": "151586",
        "display": "Ventilation rate"
      }
    ]
  },
  "subject": {
    "reference": "Patient/111"
  },
  "effectivePeriod": {
    "start": "2019-12-23T09:30:10+01:00",
    "end": "2019-12-23T10:30:10+01:00"
  },
  "valueQuantity": {
    "value": 12.0,
    "system": "http://unitsofmeasure.org",
    "code": "{Breaths}/min"
  },
  "device": {
    "reference": "DeviceMetric/Example_Eingestellte_Parameter_Beatmung"
  }
}
