{
  "resourceType": "Observation",
  "id": "exa-mii-icu-ecmo-blutfluss-durch-cardiovasculaeres-geraet-gemessen",
  "meta": {
    "profile": [
      "https://www.medizininformatik-initiative.de/fhir/ext/modul-icu/StructureDefinition/blutfluss-cardiovasculaeres-geraet"
    ]
  },
  "partOf": [
    {
      "reference": "Procedure/example"
    }
  ],
  "status": "final",
  "category": [
    {
      "coding": [
        {
          "system": "http://snomed.info/sct",
          "code": "182744004",
          "display": "Extracorporeal circulation procedure (procedure)"
        }
      ]
    }
  ],
  "code": {
    "coding": [
      {
        "system": "http://snomed.info/sct",
        "code": "444479000",
        "display": "Rate of blood flow through cardiovascular device (observable entity)"
      }
    ]
  },
  "subject": {
    "reference": "Patient/111"
  },
  "effectivePeriod": {
    "start": "2019-12-23T09:30:10+01:00",
    "end": "2019-12-23T10:30:10+01:00"
  },
  "valueQuantity": {
    "value": 2.0,
    "system": "http://unitsofmeasure.org",
    "code": "L/min"
  },
  "device": {
    "reference": "DeviceMetric/Example_Gemessene_Parameter_extrakorporale_Verfahren"
  }
}
