{
  "resourceType": "Observation",
  "id": "exa-mii-icu-vent-zeitverhaeltnis-ein-ausatmung",
  "meta": {
    "profile": [
      "https://www.medizininformatik-initiative.de/fhir/ext/modul-icu/StructureDefinition/zeitverhaeltnis-ein-ausatmung"
    ]
  },
  "partOf": [
    {
      "reference": "Procedure/example"
    }
  ],
  "status": "final",
  "category": [
    {
      "coding": [
        {
          "system": "http://snomed.info/sct",
          "code": "40617009",
          "display": "Artificial respiration (procedure)"
        }
      ]
    }
  ],
  "code": {
    "coding": [
      {
        "system": "http://loinc.org",
        "code": "75931-6",
        "display": "Inspiration/Expiration time Ratio"
      },
      {
        "system": "http://snomed.info/sct",
        "code": "250822000",
        "display": "Inspiration/expiration time ratio (observable entity)"
      },
      {
        "system": "urn:iso:std:iso:11073:10101",
        "code": "151832",
        "display": "Ratio inspiration expiration time"
      }
    ]
  },
  "subject": {
    "reference": "Patient/111"
  },
  "effectivePeriod": {
    "start": "2019-12-23T09:30:10+01:00",
    "end": "2019-12-23T10:30:10+01:00"
  },
  "valueQuantity": {
    "value": 0.5,
    "system": "http://unitsofmeasure.org",
    "code": "{ratio}"
  },
  "device": {
    "reference": "DeviceMetric/Example_Eingestellte_Parameter_Beatmung"
  }
}
