URL,Version,Status,OIDs,Name,Title,Description,Uses,Used,Sources
https://www.medizininformatik-initiative.de/fhir/ext/modul-icu/ValueSet/cam-icu-result,2027.0.0-ballot.rc1,active,,MII_VS_ICU_CAM_ICU_Result,MII VS ICU CAM-ICU Result,"CAM-ICU assessment result: positive (delirium present) or negative (no delirium)","StructureDefinition/mii-pr-icu-score-cam-icu","SCT"
https://www.medizininformatik-initiative.de/fhir/ext/modul-icu/ValueSet/delirium-interpretation,2027.0.0-ballot.rc1,draft,,MII_VS_ICU_Delirium_Interpretation,MII VS ICU Delirium Interpretation,"Delirium status interpretations","StructureDefinition/mii-pr-icu-score-cam-icu,StructureDefinition/mii-pr-icu-score-icdsc","SCT"
https://www.medizininformatik-initiative.de/fhir/ext/modul-icu/ValueSet/mii-vs-icu-bodysite-observation-beatmung,2027.0.0-ballot.rc1,active,,MII_VS_ICU_BodySite_Observation_Beatmung,MII VS ICU BodySite Observation Beatmung,"Dieses ValueSet enthält Codes für bodySites für die im Kontext einer Beatmung eingestellten oder gemessenen Parametern.","StructureDefinition/mii-pr-icu-vent-atemwegsdruck-mittlerem-expiratorischem-gasfluss,StructureDefinition/mii-pr-icu-vent-atemzugvolumen-waehrend-beatmung,StructureDefinition/mii-pr-icu-vent-spontanes-atemzugvolumen,StructureDefinition/mii-pr-icu-vent-mechanische-atemfrequenz-beatmet,StructureDefinition/mii-pr-icu-vent-beatmungszeit-hohem-druck,StructureDefinition/mii-pr-icu-vent-inspiratorischer-gasfluss,StructureDefinition/mii-pr-icu-vent-mittlerer-inspiratorischer-beatmungsdruck,StructureDefinition/mii-pr-icu-vent-spontanes-plus-mechanisches-atemzugvolumen,StructureDefinition/mii-pr-icu-vent-endexpiratorischer-kohlendioxidpartialdruck,StructureDefinition/mii-pr-icu-vent-zeitverhaeltnis-ein-ausatmung,StructureDefinition/mii-pr-icu-vent-spontane-atemfrequenz-beatmet,StructureDefinition/mii-pr-icu-vent-exspiratorischer-sauerstoffpartialdruck,StructureDefinition/mii-pr-icu-vent-mittlerer-beatmungsdruck,StructureDefinition/mii-pr-icu-vent-beatmungsvolumen-min-maschineller-beatmung,StructureDefinition/mii-pr-icu-vent-inspiratorische-sauerstofffraktion,StructureDefinition/mii-pr-icu-vent-maximaler-beatmungsdruck,StructureDefinition/mii-pr-icu-vent-unterstuetzungsdruck-beatmung,StructureDefinition/mii-pr-icu-vent-plateau-beatmungsdruck,StructureDefinition/mii-pr-icu-vent-positiv-endexpiratorischer-druck,StructureDefinition/mii-pr-icu-parameter-von-beatmung,StructureDefinition/mii-pr-icu-vent-exspiratorischer-gasfluss,StructureDefinition/mii-pr-icu-vent-beatmungszeit-niedrigem-druck,StructureDefinition/mii-pr-icu-vent-atemzugvolumen-einstellung,StructureDefinition/mii-pr-icu-vent-atemwegsdruck-bei-null-expiratorischem-gasfluss,StructureDefinition/mii-pr-icu-vent-einstellung-einatmungszeit-beatmung,StructureDefinition/mii-pr-icu-vent-horowitz-in-arteriellem-blut,StructureDefinition/mii-pr-icu-vent-druckdifferenz-beatmung,StructureDefinition/mii-pr-icu-vent-dynamische-kompliance,StructureDefinition/mii-pr-icu-vent-eingestellter-inspiratorischer-gasfluss,StructureDefinition/mii-pr-icu-vent-einstellung-ausatmungszeit-beatmung,StructureDefinition/mii-pr-icu-vent-maximaler-inspiratorischer-beatmungsdruck,StructureDefinition/mii-pr-icu-vent-spontane-mechanische-atemfrequenz-beatmet","SCT"
https://www.medizininformatik-initiative.de/fhir/ext/modul-icu/ValueSet/mii-vs-icu-bodysite-observation-blutdruck,2027.0.0-ballot.rc1,active,,MII_VS_ICU_BodySite_Observation_Blutdruck,MII VS ICU BodySite Observation Blutdruck,"Dieses ValueSet enthält Codes für bodySites von Blutdrücken (pulsatilen Drücken).",,"SCT"
https://www.medizininformatik-initiative.de/fhir/ext/modul-icu/ValueSet/mii-vs-icu-bodysite-observation-extrakorporale-verfahren,2027.0.0-ballot.rc1,active,,MII_VS_ICU_BodySite_Observation_extrakorporale_Verfahren,MII VS ICU BodySite Observation extrakorporale Verfahren,"Dieses ValueSet enthält Codes für bodySites für die im Kontext von extrakoralen Verfahren eingestellten oder gemessenen Parametern.","StructureDefinition/mii-pr-icu-ect-ionisiertes-kalzium-nierenersatzverfahren,StructureDefinition/mii-pr-icu-ect-dauer-extrakorporaler-gasaustausch,StructureDefinition/mii-pr-icu-ect-gasfluss,StructureDefinition/mii-pr-icu-ect-substituatvolumen,StructureDefinition/mii-pr-icu-ect-substituatfluss,StructureDefinition/mii-pr-icu-ect-blutfluss-extrakorporaler-gasaustausch,StructureDefinition/mii-pr-icu-ect-blutflussindex-extrakorporaler-gasaustausch,StructureDefinition/mii-pr-icu-ect-haemodialyse-blutfluss,StructureDefinition/mii-pr-icu-ect-arterieller-druck,StructureDefinition/mii-pr-icu-ect-dauer-haemodialysesitzung,StructureDefinition/mii-pr-icu-ect-blutfluss-cardiovasculaeres-geraet,StructureDefinition/mii-pr-icu-ect-venoeser-druck,StructureDefinition/mii-pr-icu-parameter-von-extrakorporalen-verfahren","SCT"
https://www.medizininformatik-initiative.de/fhir/ext/modul-icu/ValueSet/mii-vs-icu-bodysite-observation-monitoring-und-vitaldaten,2027.0.0-ballot.rc1,active,,MII_VS_ICU_BodySite_Observation_Monitoring_und_Vitaldaten,MII VS ICU BodySite Observation Monitoring und Vitaldaten,"Dieses ValueSet enthält Codes für bodySites von Vitaldaten sowie Daten aus dem Patientenmonitoring.",,"SCT"
https://www.medizininformatik-initiative.de/fhir/ext/modul-icu/ValueSet/mii-vs-icu-bodysite-observation-pupillenbefund,2027.0.0-ballot.rc1,draft,,MII_VS_ICU_BodySite_Observation_Pupillenbefund,MII VS ICU BodySite Observation Pupillenbefund,"Zulaessige Koerperstellen fuer lateralisierte Pupillenbefunde: linke oder rechte Pupille.","StructureDefinition/mii-pr-icu-untersuchung-pupillenlichtreaktion-indirekt,StructureDefinition/mii-pr-icu-untersuchung-pupillenlichtreaktion-direkt,StructureDefinition/mii-pr-icu-untersuchung-pupillenform,StructureDefinition/mii-pr-icu-untersuchung-pupillengroesse","SCT"
https://www.medizininformatik-initiative.de/fhir/ext/modul-icu/ValueSet/mii-vs-icu-category-observation-bilanzen-hl7,2027.0.0-ballot.rc1,active,,MII_VS_ICU_Category_Observation_Bilanzen_HL7,MII VS ICU Category Observation Bilanzen HL7,"ValueSet defining HL7 observation categories for ICU Bilanzen","StructureDefinition/mii-pr-icu-bilanz-ausfuhr-haemofiltration-einzelmesswerte,StructureDefinition/mii-pr-icu-bilanz-ausfuhr-gallenfluessigkeit,StructureDefinition/mii-pr-icu-bilanz-ausfuhr-blutverlust,StructureDefinition/mii-pr-icu-bilanz-ausfuhr-magensonde,StructureDefinition/mii-pr-icu-bilanz,StructureDefinition/mii-pr-icu-bilanz-einfuhr-abgepumpte-muttermilch,StructureDefinition/mii-pr-icu-bilanz-ausfuhr-fluessigkeit-gesamt,StructureDefinition/mii-pr-icu-bilanz-ausfuhr-stuhlgang,StructureDefinition/mii-pr-icu-bilanz-einfuhr-saeuglingsnahrung,StructureDefinition/mii-pr-icu-bilanz-tagesbilanz-fluessigkeit,StructureDefinition/mii-pr-icu-bilanz-einfuhr-muttermilch,StructureDefinition/mii-pr-icu-bilanz-ausfuhr-pankreasdrainage,StructureDefinition/mii-pr-icu-bilanz-einfuhr-spendermilch,StructureDefinition/mii-pr-icu-bilanz-einfuhr-fluessigkeit-gesamt,StructureDefinition/mii-pr-icu-bilanz-einfuhr-orale-fluessigkeit,StructureDefinition/mii-pr-icu-bilanz-ausfuhr-op-drainage,StructureDefinition/mii-pr-icu-bilanz-einfuhr-enterale-fluessigkeit,StructureDefinition/mii-pr-icu-bilanz-ausfuhr-drainage-generisch,StructureDefinition/mii-pr-icu-bilanz-ausfuhr-urin,StructureDefinition/mii-pr-icu-bilanz-ausfuhr-wunddrainage","THO"
https://www.medizininformatik-initiative.de/fhir/ext/modul-icu/ValueSet/mii-vs-icu-category-procedure-beatmung-snomed,2027.0.0-ballot.rc1,active,,MII_VS_ICU_Category_Procedure_Beatmung_SNOMED,MII VS ICU Category Procedure Beatmung SNOMED,"","StructureDefinition/mii-pr-icu-vent-atemwegsdruck-mittlerem-expiratorischem-gasfluss,StructureDefinition/mii-pr-icu-vent-atemzugvolumen-waehrend-beatmung,StructureDefinition/mii-pr-icu-dm-eingestellte-gemessene-parameter-beatmung,StructureDefinition/mii-pr-icu-vent-spontanes-atemzugvolumen,StructureDefinition/mii-pr-icu-vent-mechanische-atemfrequenz-beatmet,StructureDefinition/mii-pr-icu-vent-beatmungszeit-hohem-druck,StructureDefinition/mii-pr-icu-vent-inspiratorischer-gasfluss,StructureDefinition/mii-pr-icu-vent-mittlerer-inspiratorischer-beatmungsdruck,StructureDefinition/mii-pr-icu-vent-spontanes-plus-mechanisches-atemzugvolumen,StructureDefinition/mii-pr-icu-vent-endexpiratorischer-kohlendioxidpartialdruck,StructureDefinition/mii-pr-icu-vent-zeitverhaeltnis-ein-ausatmung,StructureDefinition/mii-pr-icu-vent-spontane-atemfrequenz-beatmet,StructureDefinition/mii-pr-icu-vent-exspiratorischer-sauerstoffpartialdruck,StructureDefinition/mii-pr-icu-vent-mittlerer-beatmungsdruck,StructureDefinition/mii-pr-icu-vent-beatmungsvolumen-min-maschineller-beatmung,StructureDefinition/mii-pr-icu-vent-inspiratorische-sauerstofffraktion,StructureDefinition/mii-pr-icu-vent-maximaler-beatmungsdruck,StructureDefinition/mii-pr-icu-vent-unterstuetzungsdruck-beatmung,StructureDefinition/mii-pr-icu-vent-plateau-beatmungsdruck,StructureDefinition/mii-pr-icu-vent-positiv-endexpiratorischer-druck,StructureDefinition/mii-pr-icu-parameter-von-beatmung,StructureDefinition/mii-pr-icu-vent-exspiratorischer-gasfluss,StructureDefinition/mii-pr-icu-vent-beatmungszeit-niedrigem-druck,StructureDefinition/mii-pr-icu-vent-atemzugvolumen-einstellung,StructureDefinition/mii-pr-icu-vent-atemwegsdruck-bei-null-expiratorischem-gasfluss,StructureDefinition/mii-pr-icu-vent-einstellung-einatmungszeit-beatmung,StructureDefinition/mii-pr-icu-vent-horowitz-in-arteriellem-blut,StructureDefinition/mii-pr-icu-vent-druckdifferenz-beatmung,StructureDefinition/mii-pr-icu-beatmung,StructureDefinition/mii-pr-icu-vent-dynamische-kompliance,StructureDefinition/mii-pr-icu-vent-eingestellter-inspiratorischer-gasfluss,StructureDefinition/mii-pr-icu-vent-einstellung-ausatmungszeit-beatmung,StructureDefinition/mii-pr-icu-vent-maximaler-inspiratorischer-beatmungsdruck,StructureDefinition/mii-pr-icu-vent-spontane-mechanische-atemfrequenz-beatmet","SCT"
https://www.medizininformatik-initiative.de/fhir/ext/modul-icu/ValueSet/mii-vs-icu-code-extrakorporale-verfahren,2027.0.0-ballot.rc1,active,,MII_VS_ICU_Code_Extrakorporale_Verfahren,MII VS ICU Code Extrakorporale Verfahren,"Mögliche Codes für extrakorporale Verfahren. Für die Einteilung und Interpretation in Bezug auf unterschiedliche Detail-Level beachte den zugehörigen implementationguide.","StructureDefinition/mii-pr-icu-extrakorporales-verfahren","SCT"
https://www.medizininformatik-initiative.de/fhir/ext/modul-icu/ValueSet/mii-vs-icu-code-monitoring-und-vitaldaten-iso11073,2027.0.0-ballot.rc1,active,,MII_VS_ICU_Code_Monitoring_und_Vitaldaten_ISO11073,MII VS ICU Code Monitoring und Vitaldaten ISO11073,"Dieses ValueSet enthält Codes für Vitaldaten sowie Daten aus dem Patientenmonitoring.",,"hl7.terminology.r4"
https://www.medizininformatik-initiative.de/fhir/ext/modul-icu/ValueSet/mii-vs-icu-code-monitoring-und-vitaldaten-loinc,2027.0.0-ballot.rc1,active,,MII_VS_ICU_Code_Monitoring_und_Vitaldaten_LOINC,MII VS ICU Code Monitoring und Vitaldaten LOINC,"Dieses ValueSet enthält Codes für Vitaldaten sowie Daten aus dem Patientenmonitoring.",,"LOINC"
https://www.medizininformatik-initiative.de/fhir/ext/modul-icu/ValueSet/mii-vs-icu-code-monitoring-und-vitaldaten-snomed,2027.0.0-ballot.rc1,active,,MII_VS_ICU_Code_Monitoring_und_Vitaldaten_SNOMED,MII VS ICU Code Monitoring und Vitaldaten SNOMED,"Dieses ValueSet enthält Codes für Vitaldaten sowie Daten aus dem Patientenmonitoring.",,"SCT"
https://www.medizininformatik-initiative.de/fhir/ext/modul-icu/ValueSet/mii-vs-icu-code-observation-beatmung-iso11073,2027.0.0-ballot.rc1,active,,MII_VS_ICU_Code_Observation_Beatmung_ISO11073,MII VS ICU Code Observation Beatmung ISO11073,"Dieses ValueSet enthält Codes für die im Kontext einer Beatmung verwendeten Parameter.","StructureDefinition/mii-pr-icu-vent-atemwegsdruck-mittlerem-expiratorischem-gasfluss,StructureDefinition/mii-pr-icu-vent-atemzugvolumen-waehrend-beatmung,StructureDefinition/mii-pr-icu-vent-spontanes-atemzugvolumen,StructureDefinition/mii-pr-icu-vent-mechanische-atemfrequenz-beatmet,StructureDefinition/mii-pr-icu-vent-beatmungszeit-hohem-druck,StructureDefinition/mii-pr-icu-vent-inspiratorischer-gasfluss,StructureDefinition/mii-pr-icu-vent-mittlerer-inspiratorischer-beatmungsdruck,StructureDefinition/mii-pr-icu-vent-spontanes-plus-mechanisches-atemzugvolumen,StructureDefinition/mii-pr-icu-vent-endexpiratorischer-kohlendioxidpartialdruck,StructureDefinition/mii-pr-icu-vent-zeitverhaeltnis-ein-ausatmung,StructureDefinition/mii-pr-icu-vent-spontane-atemfrequenz-beatmet,StructureDefinition/mii-pr-icu-vent-exspiratorischer-sauerstoffpartialdruck,StructureDefinition/mii-pr-icu-vent-mittlerer-beatmungsdruck,StructureDefinition/mii-pr-icu-vent-beatmungsvolumen-min-maschineller-beatmung,StructureDefinition/mii-pr-icu-vent-inspiratorische-sauerstofffraktion,StructureDefinition/mii-pr-icu-vent-maximaler-beatmungsdruck,StructureDefinition/mii-pr-icu-vent-unterstuetzungsdruck-beatmung,StructureDefinition/mii-pr-icu-vent-plateau-beatmungsdruck,StructureDefinition/mii-pr-icu-vent-positiv-endexpiratorischer-druck,StructureDefinition/mii-pr-icu-parameter-von-beatmung,StructureDefinition/mii-pr-icu-vent-exspiratorischer-gasfluss,StructureDefinition/mii-pr-icu-vent-beatmungszeit-niedrigem-druck,StructureDefinition/mii-pr-icu-vent-atemzugvolumen-einstellung,StructureDefinition/mii-pr-icu-vent-atemwegsdruck-bei-null-expiratorischem-gasfluss,StructureDefinition/mii-pr-icu-vent-einstellung-einatmungszeit-beatmung,StructureDefinition/mii-pr-icu-vent-horowitz-in-arteriellem-blut,StructureDefinition/mii-pr-icu-vent-druckdifferenz-beatmung,StructureDefinition/mii-pr-icu-vent-dynamische-kompliance,StructureDefinition/mii-pr-icu-vent-eingestellter-inspiratorischer-gasfluss,StructureDefinition/mii-pr-icu-vent-einstellung-ausatmungszeit-beatmung,StructureDefinition/mii-pr-icu-vent-maximaler-inspiratorischer-beatmungsdruck,StructureDefinition/mii-pr-icu-vent-spontane-mechanische-atemfrequenz-beatmet","hl7.terminology.r4"
https://www.medizininformatik-initiative.de/fhir/ext/modul-icu/ValueSet/mii-vs-icu-code-observation-beatmung-loinc,2027.0.0-ballot.rc1,active,,MII_VS_ICU_Code_Observation_Beatmung_LOINC,MII VS ICU Code Observation Beatmung LOINC,"Dieses ValueSet enthält Codes für die im Kontext einer Beatmung verwendeten Parameter.","StructureDefinition/mii-pr-icu-vent-atemwegsdruck-mittlerem-expiratorischem-gasfluss,StructureDefinition/mii-pr-icu-vent-atemzugvolumen-waehrend-beatmung,StructureDefinition/mii-pr-icu-vent-spontanes-atemzugvolumen,StructureDefinition/mii-pr-icu-vent-mechanische-atemfrequenz-beatmet,StructureDefinition/mii-pr-icu-vent-beatmungszeit-hohem-druck,StructureDefinition/mii-pr-icu-vent-inspiratorischer-gasfluss,StructureDefinition/mii-pr-icu-vent-mittlerer-inspiratorischer-beatmungsdruck,StructureDefinition/mii-pr-icu-vent-spontanes-plus-mechanisches-atemzugvolumen,StructureDefinition/mii-pr-icu-vent-endexpiratorischer-kohlendioxidpartialdruck,StructureDefinition/mii-pr-icu-vent-zeitverhaeltnis-ein-ausatmung,StructureDefinition/mii-pr-icu-vent-spontane-atemfrequenz-beatmet,StructureDefinition/mii-pr-icu-vent-exspiratorischer-sauerstoffpartialdruck,StructureDefinition/mii-pr-icu-vent-mittlerer-beatmungsdruck,StructureDefinition/mii-pr-icu-vent-beatmungsvolumen-min-maschineller-beatmung,StructureDefinition/mii-pr-icu-vent-inspiratorische-sauerstofffraktion,StructureDefinition/mii-pr-icu-vent-maximaler-beatmungsdruck,StructureDefinition/mii-pr-icu-vent-unterstuetzungsdruck-beatmung,StructureDefinition/mii-pr-icu-vent-plateau-beatmungsdruck,StructureDefinition/mii-pr-icu-vent-positiv-endexpiratorischer-druck,StructureDefinition/mii-pr-icu-parameter-von-beatmung,StructureDefinition/mii-pr-icu-vent-exspiratorischer-gasfluss,StructureDefinition/mii-pr-icu-vent-beatmungszeit-niedrigem-druck,StructureDefinition/mii-pr-icu-vent-atemzugvolumen-einstellung,StructureDefinition/mii-pr-icu-vent-atemwegsdruck-bei-null-expiratorischem-gasfluss,StructureDefinition/mii-pr-icu-vent-einstellung-einatmungszeit-beatmung,StructureDefinition/mii-pr-icu-vent-horowitz-in-arteriellem-blut,StructureDefinition/mii-pr-icu-vent-druckdifferenz-beatmung,StructureDefinition/mii-pr-icu-vent-dynamische-kompliance,StructureDefinition/mii-pr-icu-vent-eingestellter-inspiratorischer-gasfluss,StructureDefinition/mii-pr-icu-vent-einstellung-ausatmungszeit-beatmung,StructureDefinition/mii-pr-icu-vent-maximaler-inspiratorischer-beatmungsdruck,StructureDefinition/mii-pr-icu-vent-spontane-mechanische-atemfrequenz-beatmet","LOINC"
https://www.medizininformatik-initiative.de/fhir/ext/modul-icu/ValueSet/mii-vs-icu-code-observation-beatmung-snomed,2027.0.0-ballot.rc1,active,,MII_VS_ICU_Code_Observation_Beatmung_SNOMED,MII VS ICU Code Observation Beatmung SNOMED,"Dieses ValueSet enthält Codes für die im Kontext einer Beatmung verwendeten Parameter.","StructureDefinition/mii-pr-icu-vent-atemwegsdruck-mittlerem-expiratorischem-gasfluss,StructureDefinition/mii-pr-icu-vent-atemzugvolumen-waehrend-beatmung,StructureDefinition/mii-pr-icu-vent-spontanes-atemzugvolumen,StructureDefinition/mii-pr-icu-vent-mechanische-atemfrequenz-beatmet,StructureDefinition/mii-pr-icu-vent-beatmungszeit-hohem-druck,StructureDefinition/mii-pr-icu-vent-inspiratorischer-gasfluss,StructureDefinition/mii-pr-icu-vent-mittlerer-inspiratorischer-beatmungsdruck,StructureDefinition/mii-pr-icu-vent-spontanes-plus-mechanisches-atemzugvolumen,StructureDefinition/mii-pr-icu-vent-endexpiratorischer-kohlendioxidpartialdruck,StructureDefinition/mii-pr-icu-vent-zeitverhaeltnis-ein-ausatmung,StructureDefinition/mii-pr-icu-vent-spontane-atemfrequenz-beatmet,StructureDefinition/mii-pr-icu-vent-exspiratorischer-sauerstoffpartialdruck,StructureDefinition/mii-pr-icu-vent-mittlerer-beatmungsdruck,StructureDefinition/mii-pr-icu-vent-beatmungsvolumen-min-maschineller-beatmung,StructureDefinition/mii-pr-icu-vent-inspiratorische-sauerstofffraktion,StructureDefinition/mii-pr-icu-vent-maximaler-beatmungsdruck,StructureDefinition/mii-pr-icu-vent-unterstuetzungsdruck-beatmung,StructureDefinition/mii-pr-icu-vent-plateau-beatmungsdruck,StructureDefinition/mii-pr-icu-vent-positiv-endexpiratorischer-druck,StructureDefinition/mii-pr-icu-parameter-von-beatmung,StructureDefinition/mii-pr-icu-vent-exspiratorischer-gasfluss,StructureDefinition/mii-pr-icu-vent-beatmungszeit-niedrigem-druck,StructureDefinition/mii-pr-icu-vent-atemzugvolumen-einstellung,StructureDefinition/mii-pr-icu-vent-atemwegsdruck-bei-null-expiratorischem-gasfluss,StructureDefinition/mii-pr-icu-vent-einstellung-einatmungszeit-beatmung,StructureDefinition/mii-pr-icu-vent-horowitz-in-arteriellem-blut,StructureDefinition/mii-pr-icu-vent-druckdifferenz-beatmung,StructureDefinition/mii-pr-icu-vent-dynamische-kompliance,StructureDefinition/mii-pr-icu-vent-eingestellter-inspiratorischer-gasfluss,StructureDefinition/mii-pr-icu-vent-einstellung-ausatmungszeit-beatmung,StructureDefinition/mii-pr-icu-vent-maximaler-inspiratorischer-beatmungsdruck,StructureDefinition/mii-pr-icu-vent-spontane-mechanische-atemfrequenz-beatmet","SCT"
https://www.medizininformatik-initiative.de/fhir/ext/modul-icu/ValueSet/mii-vs-icu-code-observation-bilanzen-iso11073,2027.0.0-ballot.rc1,active,,MII_VS_ICU_Code_Observation_Bilanzen_ISO11073,MII VS ICU Code Observation Bilanzen ISO11073,"Dieses ValueSet enthaelt Codes fuer die im Kontext einer Bilanz verwendeten ISO/IEEE 11073-Parameter.","StructureDefinition/mii-pr-icu-bilanz-ausfuhr-haemofiltration-einzelmesswerte,StructureDefinition/mii-pr-icu-bilanz-ausfuhr-gallenfluessigkeit,StructureDefinition/mii-pr-icu-bilanz-ausfuhr-blutverlust,StructureDefinition/mii-pr-icu-bilanz-ausfuhr-magensonde,StructureDefinition/mii-pr-icu-bilanz,StructureDefinition/mii-pr-icu-bilanz-einfuhr-abgepumpte-muttermilch,StructureDefinition/mii-pr-icu-bilanz-ausfuhr-fluessigkeit-gesamt,StructureDefinition/mii-pr-icu-bilanz-ausfuhr-stuhlgang,StructureDefinition/mii-pr-icu-bilanz-einfuhr-saeuglingsnahrung,StructureDefinition/mii-pr-icu-bilanz-tagesbilanz-fluessigkeit,StructureDefinition/mii-pr-icu-bilanz-einfuhr-muttermilch,StructureDefinition/mii-pr-icu-bilanz-ausfuhr-pankreasdrainage,StructureDefinition/mii-pr-icu-bilanz-einfuhr-spendermilch,StructureDefinition/mii-pr-icu-bilanz-einfuhr-fluessigkeit-gesamt,StructureDefinition/mii-pr-icu-bilanz-einfuhr-orale-fluessigkeit,StructureDefinition/mii-pr-icu-bilanz-ausfuhr-op-drainage,StructureDefinition/mii-pr-icu-bilanz-einfuhr-enterale-fluessigkeit,StructureDefinition/mii-pr-icu-bilanz-ausfuhr-drainage-generisch,StructureDefinition/mii-pr-icu-bilanz-ausfuhr-urin,StructureDefinition/mii-pr-icu-bilanz-ausfuhr-wunddrainage","hl7.terminology.r4"
https://www.medizininformatik-initiative.de/fhir/ext/modul-icu/ValueSet/mii-vs-icu-code-observation-bilanzen-loinc,2027.0.0-ballot.rc1,active,,MII_VS_ICU_Code_Observation_Bilanzen_LOINC,MII VS ICU Code Observation Bilanzen LOINC,"Dieses ValueSet enthaelt Codes fuer die im Kontext einer Bilanz verwendeten LOINC-Parameter.","StructureDefinition/mii-pr-icu-bilanz-ausfuhr-haemofiltration-einzelmesswerte,StructureDefinition/mii-pr-icu-bilanz-ausfuhr-gallenfluessigkeit,StructureDefinition/mii-pr-icu-bilanz-ausfuhr-blutverlust,StructureDefinition/mii-pr-icu-bilanz-ausfuhr-magensonde,StructureDefinition/mii-pr-icu-bilanz,StructureDefinition/mii-pr-icu-bilanz-einfuhr-abgepumpte-muttermilch,StructureDefinition/mii-pr-icu-bilanz-ausfuhr-fluessigkeit-gesamt,StructureDefinition/mii-pr-icu-bilanz-ausfuhr-stuhlgang,StructureDefinition/mii-pr-icu-bilanz-einfuhr-saeuglingsnahrung,StructureDefinition/mii-pr-icu-bilanz-tagesbilanz-fluessigkeit,StructureDefinition/mii-pr-icu-bilanz-einfuhr-muttermilch,StructureDefinition/mii-pr-icu-bilanz-ausfuhr-pankreasdrainage,StructureDefinition/mii-pr-icu-bilanz-einfuhr-spendermilch,StructureDefinition/mii-pr-icu-bilanz-einfuhr-fluessigkeit-gesamt,StructureDefinition/mii-pr-icu-bilanz-einfuhr-orale-fluessigkeit,StructureDefinition/mii-pr-icu-bilanz-ausfuhr-op-drainage,StructureDefinition/mii-pr-icu-bilanz-einfuhr-enterale-fluessigkeit,StructureDefinition/mii-pr-icu-bilanz-ausfuhr-drainage-generisch,StructureDefinition/mii-pr-icu-bilanz-ausfuhr-urin,StructureDefinition/mii-pr-icu-bilanz-ausfuhr-wunddrainage","LOINC"
https://www.medizininformatik-initiative.de/fhir/ext/modul-icu/ValueSet/mii-vs-icu-code-observation-bilanzen-snomed,2027.0.0-ballot.rc1,active,,MII_VS_ICU_Code_Observation_Bilanzen_SNOMED,MII VS ICU Code Observation Bilanzen SNOMED,"Dieses ValueSet enthaelt Codes fuer die im Kontext einer Bilanz verwendeten SNOMED-Parameter.","StructureDefinition/mii-pr-icu-bilanz-ausfuhr-haemofiltration-einzelmesswerte,StructureDefinition/mii-pr-icu-bilanz-ausfuhr-gallenfluessigkeit,StructureDefinition/mii-pr-icu-bilanz-ausfuhr-blutverlust,StructureDefinition/mii-pr-icu-bilanz-ausfuhr-magensonde,StructureDefinition/mii-pr-icu-bilanz,StructureDefinition/mii-pr-icu-bilanz-einfuhr-abgepumpte-muttermilch,StructureDefinition/mii-pr-icu-bilanz-ausfuhr-fluessigkeit-gesamt,StructureDefinition/mii-pr-icu-bilanz-ausfuhr-stuhlgang,StructureDefinition/mii-pr-icu-bilanz-einfuhr-saeuglingsnahrung,StructureDefinition/mii-pr-icu-bilanz-tagesbilanz-fluessigkeit,StructureDefinition/mii-pr-icu-bilanz-einfuhr-muttermilch,StructureDefinition/mii-pr-icu-bilanz-ausfuhr-pankreasdrainage,StructureDefinition/mii-pr-icu-bilanz-einfuhr-spendermilch,StructureDefinition/mii-pr-icu-bilanz-einfuhr-fluessigkeit-gesamt,StructureDefinition/mii-pr-icu-bilanz-einfuhr-orale-fluessigkeit,StructureDefinition/mii-pr-icu-bilanz-ausfuhr-op-drainage,StructureDefinition/mii-pr-icu-bilanz-einfuhr-enterale-fluessigkeit,StructureDefinition/mii-pr-icu-bilanz-ausfuhr-drainage-generisch,StructureDefinition/mii-pr-icu-bilanz-ausfuhr-urin,StructureDefinition/mii-pr-icu-bilanz-ausfuhr-wunddrainage","SCT"
https://www.medizininformatik-initiative.de/fhir/ext/modul-icu/ValueSet/mii-vs-icu-code-observation-extrakorporale-verfahren-loinc,2027.0.0-ballot.rc1,active,,MII_VS_ICU_Code_Observation_extrakorporale_Verfahren_ISO11073,MII VS ICU Code Observation extrakorporale Verfahren ISO11073,"Dieses ValueSet enthält Codes für die im Kontext von extrakoralen Verfahren eingestellten oder gemessenen Parametern.",,
https://www.medizininformatik-initiative.de/fhir/ext/modul-icu/ValueSet/mii-vs-icu-code-observation-extrakorporale-verfahren-loinc,2027.0.0-ballot.rc1,active,,MII_VS_ICU_Code_Observation_extrakorporale_Verfahren_LOINC,MII VS ICU Code Observation extrakorporale Verfahren LOINC,"Dieses ValueSet enthält Codes für die im Kontext von extrakoralen Verfahren eingestellten oder gemessenen Parametern.","StructureDefinition/mii-pr-icu-ect-ionisiertes-kalzium-nierenersatzverfahren,StructureDefinition/mii-pr-icu-ect-dauer-extrakorporaler-gasaustausch,StructureDefinition/mii-pr-icu-ect-gasfluss,StructureDefinition/mii-pr-icu-ect-substituatvolumen,StructureDefinition/mii-pr-icu-ect-substituatfluss,StructureDefinition/mii-pr-icu-ect-blutfluss-extrakorporaler-gasaustausch,StructureDefinition/mii-pr-icu-ect-blutflussindex-extrakorporaler-gasaustausch,StructureDefinition/mii-pr-icu-ect-haemodialyse-blutfluss,StructureDefinition/mii-pr-icu-ect-arterieller-druck,StructureDefinition/mii-pr-icu-ect-dauer-haemodialysesitzung,StructureDefinition/mii-pr-icu-ect-blutfluss-cardiovasculaeres-geraet,StructureDefinition/mii-pr-icu-ect-venoeser-druck,StructureDefinition/mii-pr-icu-parameter-von-extrakorporalen-verfahren","LOINC"
https://www.medizininformatik-initiative.de/fhir/ext/modul-icu/ValueSet/mii-vs-icu-code-observation-extrakorporale-verfahren-snomed,2027.0.0-ballot.rc1,active,,MII_VS_ICU_Code_Observation_extrakorporale_Verfahren_SNOMED,MII VS ICU Code Observation extrakorporale Verfahren SNOMED,"Dieses ValueSet enthält Codes für die im Kontext von extrakoralen Verfahren eingestellten oder gemessenen Parametern.","StructureDefinition/mii-pr-icu-ect-ionisiertes-kalzium-nierenersatzverfahren,StructureDefinition/mii-pr-icu-ect-dauer-extrakorporaler-gasaustausch,StructureDefinition/mii-pr-icu-ect-gasfluss,StructureDefinition/mii-pr-icu-ect-substituatvolumen,StructureDefinition/mii-pr-icu-ect-substituatfluss,StructureDefinition/mii-pr-icu-ect-blutfluss-extrakorporaler-gasaustausch,StructureDefinition/mii-pr-icu-ect-blutflussindex-extrakorporaler-gasaustausch,StructureDefinition/mii-pr-icu-ect-haemodialyse-blutfluss,StructureDefinition/mii-pr-icu-ect-arterieller-druck,StructureDefinition/mii-pr-icu-ect-dauer-haemodialysesitzung,StructureDefinition/mii-pr-icu-ect-blutfluss-cardiovasculaeres-geraet,StructureDefinition/mii-pr-icu-ect-venoeser-druck,StructureDefinition/mii-pr-icu-parameter-von-extrakorporalen-verfahren","SCT"
https://www.medizininformatik-initiative.de/fhir/ext/modul-icu/ValueSet/mii-vs-icu-code-observation-pupillengroesse,2027.0.0-ballot.rc1,active,,MII_VS_ICU_Code_Observation_Pupillengroesse,MII VS ICU Code Observation Pupillengroesse,"","StructureDefinition/mii-pr-icu-untersuchung-pupillengroesse","SCT"
https://www.medizininformatik-initiative.de/fhir/ext/modul-icu/ValueSet/mii-vs-icu-code-observation-pupillenlichtreaktion,2027.0.0-ballot.rc1,draft,,MII_VS_ICU_Code_Observation_Pupillenlichtreaktion,MII VS ICU Code Observation Pupillenlichtreaktion,"Subset der LOINC AnswerList LL3762-3 fuer die Pupillen-Lichtreaktion: reaktiv, traege reaktiv, nicht reaktiv.","StructureDefinition/mii-pr-icu-untersuchung-pupillenlichtreaktion-indirekt,StructureDefinition/mii-pr-icu-untersuchung-pupillenlichtreaktion-direkt","LOINC"
https://www.medizininformatik-initiative.de/fhir/ext/modul-icu/ValueSet/mii-vs-icu-code-observation-pupillensymmetrie,2027.0.0-ballot.rc1,active,,MII_VS_ICU_Code_Observation_Pupillensymmetrie,MII VS ICU Code Observation Pupillensymmetrie,"","StructureDefinition/mii-pr-icu-untersuchung-pupillensymmetrie","SCT"
https://www.medizininformatik-initiative.de/fhir/ext/modul-icu/ValueSet/mii-vs-icu-code-oservation-pupillenform-loinc,2027.0.0-ballot.rc1,draft,,MII_VS_ICU_Code_Observation_Pupillenform_LOINC,MII VS ICU Code Observation Pupillenform LOINC,"Kategoriale Beurteilung der Pupillenform/Regularitaet: regelmaessig (rund) oder unregelmaessig. Zulaessig sind SNOMED-Findings und/oder LOINC-Antwortcodes.","StructureDefinition/mii-pr-icu-untersuchung-pupillenform","LOINC"
https://www.medizininformatik-initiative.de/fhir/ext/modul-icu/ValueSet/mii-vs-icu-code-procedure-beatmung-snomed,2027.0.0-ballot.rc1,active,,MII_VS_ICU_Code_Procedure_Beatmung_SNOMED,MII VS ICU Code Procedure Beatmung SNOMED,"","StructureDefinition/mii-pr-icu-beatmung","SCT"
https://www.medizininformatik-initiative.de/fhir/ext/modul-icu/ValueSet/mii-vs-icu-component-gcs-eyes,2027.0.0-ballot.rc1,active,,MII_VS_ICU_Component_GCS_Eyes,MII VS ICU Component GCS Eyes,"","StructureDefinition/mii-pr-icu-score-gcs","LOINC"
https://www.medizininformatik-initiative.de/fhir/ext/modul-icu/ValueSet/mii-vs-icu-component-gcs-motor,2027.0.0-ballot.rc1,active,,MII_VS_ICU_Component_GCS_Motor,MII VS ICU Component GCS Motor,"","StructureDefinition/mii-pr-icu-score-gcs","LOINC"
https://www.medizininformatik-initiative.de/fhir/ext/modul-icu/ValueSet/mii-vs-icu-component-gcs-verbal,2027.0.0-ballot.rc1,active,,MII_VS_ICU_Component_GCS_Verbal,MII VS ICU Component GCS Verbal,"","StructureDefinition/mii-pr-icu-score-gcs","LOINC"
https://www.medizininformatik-initiative.de/fhir/ext/modul-icu/ValueSet/mii-vs-icu-devicemetric-extrakorporale-verfahren,2027.0.0-ballot.rc1,active,,MII_VS_ICU_DeviceMetric_extrakorporale_Verfahren,MII VS ICU DeviceMetric extrakorporale Verfahren,"","StructureDefinition/mii-pr-icu-dm-eingest-gem-parameter-extrakorporale-verfahren","SCT"
https://www.medizininformatik-initiative.de/fhir/ext/modul-icu/ValueSet/mii-vs-icu-method-observation-blutdruck,2027.0.0-ballot.rc1,active,,MII_VS_ICU_Method_Observation_Blutdruck,MII VS ICU Method Observation Blutdruck,"Dieses ValueSet enthält Codes zur Angabe, ob ein Blutdruck invasiv oder nicht-invasiv gemessen ist.",,"SCT"
https://www.medizininformatik-initiative.de/fhir/ext/modul-icu/ValueSet/mii-vs-icu-score-rass,2027.0.0-ballot.rc1,draft,,MII_VS_ICU_Score_RASS,MII VS ICU Score RASS,"Value set for RASS Score","StructureDefinition/mii-pr-icu-score-rass","LOINC"
https://www.medizininformatik-initiative.de/fhir/ext/modul-icu/ValueSet/mii-vs-icu-unit-equivalent-ucum-beats-per-minute,2027.0.0-ballot.rc1,active,,MII_VS_ICU_Unit_equivalent_UCUM_beats_per_minute,MII VS ICU Unit equivalent UCUM beats per minute,"Dieses ValueSet enthält äquivalente Codes für Herzschläge pro Minute.","StructureDefinition/mii-pr-icu-muv-herzfrequenz","UCUM"
https://www.medizininformatik-initiative.de/fhir/ext/modul-icu/ValueSet/mii-vs-icu-unit-equivalent-ucum-breaths-per-minute,2027.0.0-ballot.rc1,active,,MII_VS_ICU_Unit_equivalent_UCUM_breaths_per_minute,MII VS ICU Unit equivalent UCUM breaths per minute,"Dieses ValueSet enthält äquivalente Codes für Atemzüge pro Minute.","StructureDefinition/mii-pr-icu-muv-atemfrequenz","UCUM"
https://www.medizininformatik-initiative.de/fhir/ext/modul-icu/ValueSet/mii-vs-icu-unit-equivalent-ucum-dyn-s-cm5-m2,2027.0.0-ballot.rc1,active,,MII_VS_ICU_Unit_equivalent_UCUM_dyn_s_cm5_m2,MII VS ICU Unit equivalent UCUM dyn.s/cm5/m2,"Dieses ValueSet enthält äquivalente Codes für dyn.s/cm5/m2.",,"UCUM"
https://www.medizininformatik-initiative.de/fhir/ext/modul-icu/ValueSet/mii-vs-icu-unit-equivalent-ucum-l-per-minute,2027.0.0-ballot.rc1,active,,MII_VS_ICU_Unit_equivalent_UCUM_L_per_minute,MII VS ICU Unit equivalent UCUM L per minute,"Dieses ValueSet enthält äquivalente Codes für Liter pro Minute.",,"UCUM"
https://www.medizininformatik-initiative.de/fhir/ext/modul-icu/ValueSet/mii-vs-icu-unit-equivalent-ucum-l-per-minute-and-squaremeter,2027.0.0-ballot.rc1,active,,MII_VS_ICU_Unit_equivalent_UCUM_L_per_minute_and_squaremeter,MII VS ICU Unit equivalent UCUM L per minute and squaremeter,"Dieses ValueSet enthält äquivalente Codes für Liter pro Minute .",,"UCUM"
https://www.medizininformatik-initiative.de/fhir/ext/modul-icu/ValueSet/mii-vs-icu-unit-equivalent-ucum-milliliter,2027.0.0-ballot.rc1,active,,MII_VS_ICU_Unit_equivalent_UCUM_milliliter,MII VS ICU Unit equivalent UCUM milliliter,"Dieses ValueSet enthält äquivalente Codes für Milliliter.","StructureDefinition/mii-pr-icu-bilanz-ausfuhr-haemofiltration-einzelmesswerte,StructureDefinition/mii-pr-icu-bilanz-ausfuhr-gallenfluessigkeit,StructureDefinition/mii-pr-icu-bilanz-ausfuhr-blutverlust,StructureDefinition/mii-pr-icu-bilanz-ausfuhr-magensonde,StructureDefinition/mii-pr-icu-bilanz-einfuhr-abgepumpte-muttermilch,StructureDefinition/mii-pr-icu-bilanz-ausfuhr-fluessigkeit-gesamt,StructureDefinition/mii-pr-icu-bilanz-ausfuhr-stuhlgang,StructureDefinition/mii-pr-icu-bilanz-einfuhr-saeuglingsnahrung,StructureDefinition/mii-pr-icu-bilanz-tagesbilanz-fluessigkeit,StructureDefinition/mii-pr-icu-bilanz-einfuhr-muttermilch,StructureDefinition/mii-pr-icu-bilanz-ausfuhr-pankreasdrainage,StructureDefinition/mii-pr-icu-bilanz-einfuhr-spendermilch,StructureDefinition/mii-pr-icu-bilanz-einfuhr-fluessigkeit-gesamt,StructureDefinition/mii-pr-icu-bilanz-einfuhr-orale-fluessigkeit,StructureDefinition/mii-pr-icu-bilanz-ausfuhr-op-drainage,StructureDefinition/mii-pr-icu-bilanz-einfuhr-enterale-fluessigkeit,StructureDefinition/mii-pr-icu-bilanz-ausfuhr-drainage-generisch,StructureDefinition/mii-pr-icu-bilanz-ausfuhr-urin,StructureDefinition/mii-pr-icu-bilanz-ausfuhr-wunddrainage","UCUM"
https://www.medizininformatik-initiative.de/fhir/ext/modul-icu/ValueSet/mii-vs-icu-unit-equivalent-ucum-percent-1,2027.0.0-ballot.rc1,active,,MII_VS_ICU_Unit_equivalent_percent_1,MII VS ICU Unit equivalent percent 1,"Dieses ValueSet enthält äquivalente Codes für Prozent und 1.",,"UCUM"
https://www.medizininformatik-initiative.de/fhir/ext/modul-icu/ValueSet/present-absent,2027.0.0-ballot.rc1,active,,MII_VS_ICU_Present_Absent,MII VS ICU Present Absent,"Present or absent findings","StructureDefinition/mii-pr-icu-score-cam-icu,StructureDefinition/mii-pr-icu-score-zopa","SCT"
https://www.medizininformatik-initiative.de/fhir/ext/modul-icu/ValueSet/score-category,2027.0.0-ballot.rc1,active,,MII_VS_ICU_Score_Category,MII VS ICU Score Category,"Value set for ICU score observation categories",,"SCT"
https://www.medizininformatik-initiative.de/fhir/ext/modul-icu/ValueSet/score-loinc,2027.0.0-ballot.rc1,draft,,MII_VS_ICU_Score_LOINC,MII VS ICU Score LOINC,"Value set for scores - LOINC codes",,"LOINC"
https://www.medizininformatik-initiative.de/fhir/ext/modul-icu/ValueSet/score-snomed,2027.0.0-ballot.rc1,draft,,MII_VS_ICU_Score_SNOMED,MII VS Score SNOMED CT,"Value set for cores - SNOMED CT codes",,"SCT"
