{
  "resourceType": "ValueSet",
  "id": "vs-mii-icu-method-observation-blutdruck",
  "text": {
    "status": "empty",
    "div": "<div xmlns=\"http://www.w3.org/1999/xhtml\">No human-readable text provided in this case.</div>"
  },
  "url": "https://www.medizininformatik-initiative.de/fhir/ext/modul-icu/ValueSet/Method-Observation-Blutdruck",
  "version": "1.0.0",
  "name": "VS_MII_ICU_Method_Observation_Blutdruck",
  "title": "VS MII ICU Method Observation Blutdruck",
  "status": "active",
  "experimental": false,
  "date": "2022-06-08",
  "publisher": "https://www.medizininformatik-initiative.de",
  "description": "Dieses ValueSet enthält Codes zur Angabe, ob ein Blutdruck invasiv oder nicht-invasiv gemessen ist. ",
  "compose": {
    "include": [
      {
        "system": "http://snomed.info/sct",
        "concept": [
          {
            "code": "10179008"
          },
          {
            "code": "22762002"
          }
        ]
      }
    ]
  }
}
