{
  "resourceType": "ValueSet",
  "id": "vs-mii-icu-category-procedure-beatmung-snomed",
  "text": {
    "status": "empty",
    "div": "<div xmlns=\"http://www.w3.org/1999/xhtml\">No human-readable text provided in this case.</div>"
  },
  "url": "https://www.medizininformatik-initiative.de/fhir/ext/modul-icu/ValueSet/Category-Procedure-Beatmung-SNOMED",
  "version": "1.0.0",
  "name": "VS_MII_ICU_Category_Procedure_Beatmung_SNOMED",
  "title": "VS MII ICU Category Procedure Beatmung [SNOMED]",
  "status": "active",
  "experimental": false,
  "date": "2021-02-02",
  "publisher": "https://www.medizininformatik-initiative.de",
  "compose": {
    "include": [
      {
        "system": "http://snomed.info/sct",
        "concept": [
          {
            "code": "40617009",
            "display": "Artificial respiration (procedure)"
          },
          {
            "code": "57485005",
            "display": "Oxygen therapy (procedure)"
          }
        ]
      }
    ]
  }
}
